,source,target,relationship
0,Ryan Grenoble,POLITICS,covers
1,Zeke Miller,POLITICS,covers
2,basketball,Hilary Hanson,is written by
3,basketball,Ron Dicker,is written by
4,basketball,Nick Visser,is written by
5,basketball,Mary Papenfuss,is written by
6,Kevin Robillard,POLITICS,covers
7,economy,Dave Jamieson,is written by
8,Elyse Wanshel,POLITICS,covers
9,Elyse Wanshel,SPORTS,covers
10,Dave Jamieson,POLITICS,covers
11,Dave Jamieson,BUSINESS,covers
12,Nathalie Baptiste,POLITICS,covers
13,ACACIA CORONADO,POLITICS,covers
14,Jessica Schulberg,POLITICS,covers
15,democrats,Kevin Robillard,is written by
16,democrats,Nina Golgowski,is written by
17,democrats,Daniel Marans,is written by
18,democrats,Ryan Grenoble,is written by
19,democrats,Dave Jamieson,is written by
20,democrats,Igor Bobic,is written by
21,democrats,David Moye,is written by
22,democrats,Jonathan Cohn,is written by
23,democrats,Sanjana Karanth,is written by
24,democrats,Alanna Vagianos,is written by
25,democrats,Nick Visser,is written by
26,democrats,Mary Papenfuss,is written by
27,democrats,Lydia O'Connor,is written by
28,democrats,Sara Boboltz,is written by
29,democrats,Jessica Schulberg,is written by
30,democrats,Chris D'Angelo,is written by
31,democrats,Ron Dicker,is written by
32,democrats,Jennifer Bendery,is written by
33,democrats,Ed Mazza,is written by
34,Jennifer Bendery,POLITICS,covers
35,football,Ron Dicker,is written by
36,Daniel Marans,POLITICS,covers
37,CHRIS MEGERIAN,POLITICS,covers
38,republicans,Phillip Jackson,is written by
39,republicans,Mary Papenfuss,is written by
40,republicans,Sara Boboltz,is written by
41,republicans,Ed Mazza,is written by
42,republicans,Nathalie Baptiste,is written by
43,republicans,Marita Vlachou,is written by
44,republicans,Kevin Robillard,is written by
45,republicans,Nina Golgowski,is written by
46,republicans,Jonathan Nicholson,is written by
47,republicans,David Moye,is written by
48,republicans,Elyse Wanshel,is written by
49,republicans,S.V. Date,is written by
50,republicans,Ben Blanchet,is written by
51,republicans,Ryan Grenoble,is written by
52,republicans,Sanjana Karanth,is written by
53,republicans,Eric Tucker,is written by
54,republicans,Ron Dicker,is written by
55,republicans,Daniel Marans,is written by
56,republicans,Arthur Delaney,is written by
57,republicans,Jessica Schulberg,is written by
58,republicans,Alanna Vagianos,is written by
59,republicans,Lydia O'Connor,is written by
60,republicans,ACACIA CORONADO,is written by
61,republicans,Liz Skalka,is written by
62,republicans,Chris D'Angelo,is written by
63,republicans,Zeke Miller,is written by
64,republicans,Igor Bobic,is written by
65,republicans,Nick Visser,is written by
66,republicans,Jennifer Bendery,is written by
67,republicans,FARNOUSH AMIRI,is written by
68,republicans,Brian Slodysko,is written by
69,republicans,Michael R. Sisak,is written by
70,republicans,Hilary Hanson,is written by
71,republicans,Dave Jamieson,is written by
72,republicans,Jill Colvin,is written by
73,republicans,Jonathan Cohn,is written by
74,Marita Vlachou,POLITICS,covers
75,Marita Vlachou,BUSINESS,covers
76,police,Nina Golgowski,is written by
77,police,Mary Papenfuss,is written by
78,Mary Papenfuss,POLITICS,covers
79,Mary Papenfuss,CRIME,covers
80,Mary Papenfuss,SPORTS,covers
81,Mary Papenfuss,BUSINESS,covers
82,S.V. Date,POLITICS,covers
83,court,Jessica Schulberg,is written by
84,court,Marita Vlachou,is written by
85,court,Lydia O'Connor,is written by
86,court,Nick Visser,is written by
87,court,Igor Bobic,is written by
88,court,FARNOUSH AMIRI,is written by
89,court,Mary Papenfuss,is written by
90,court,Sara Boboltz,is written by
91,court,Alanna Vagianos,is written by
92,court,Eric Tucker,is written by
93,court,Jennifer Bendery,is written by
94,Associated Press,CRIME,covers
95,Sara Boboltz,POLITICS,covers
96,Sara Boboltz,CRIME,covers
97,Liz Skalka,POLITICS,covers
98,technology,Eric Tucker,is written by
99,technology,Mary Papenfuss,is written by
100,FARNOUSH AMIRI,POLITICS,covers
101,Jonathan Nicholson,POLITICS,covers
102,Lydia O'Connor,POLITICS,covers
103,biden,Ben Blanchet,is written by
104,biden,Andy Campbell,is written by
105,biden,Mary Papenfuss,is written by
106,biden,David Moye,is written by
107,biden,Kevin Robillard,is written by
108,biden,Marita Vlachou,is written by
109,biden,Nick Visser,is written by
110,biden,Arthur Delaney,is written by
111,biden,CHRIS MEGERIAN,is written by
112,biden,Alanna Vagianos,is written by
113,biden,S.V. Date,is written by
114,biden,Liz Skalka,is written by
115,biden,Lydia O'Connor,is written by
116,biden,Ed Mazza,is written by
117,biden,Sanjana Karanth,is written by
118,biden,Ron Dicker,is written by
119,biden,Hilary Hanson,is written by
120,biden,Ryan Grenoble,is written by
121,biden,Jessica Schulberg,is written by
122,biden,Dave Jamieson,is written by
123,biden,Chris D'Angelo,is written by
124,biden,Jonathan Cohn,is written by
125,biden,Igor Bobic,is written by
126,biden,Jennifer Bendery,is written by
127,biden,Sara Boboltz,is written by
128,biden,Daniel Marans,is written by
129,biden,Elyse Wanshel,is written by
130,biden,Eric Tucker,is written by
131,biden,Nina Golgowski,is written by
132,Ed Mazza,POLITICS,covers
133,Ed Mazza,SPORTS,covers
134,vote,Dave Jamieson,is written by
135,vote,David Moye,is written by
136,vote,Igor Bobic,is written by
137,vote,Sara Boboltz,is written by
138,vote,Mary Papenfuss,is written by
139,vote,Sanjana Karanth,is written by
140,vote,Arthur Delaney,is written by
141,vote,Nick Visser,is written by
142,vote,Ryan Grenoble,is written by
143,Baseball,Ron Dicker,is written by
144,Howard Fendrich,SPORTS,covers
145,NFL,Ron Dicker,is written by
146,NFL,David Moye,is written by
147,Michael R. Sisak,POLITICS,covers
148,Michael R. Sisak,CRIME,covers
149,golf,David Moye,is written by
150,golf,Ron Dicker,is written by
151,Kate Brumback,POLITICS,covers
152,trump,Mary Papenfuss,is written by
153,trump,Sara Boboltz,is written by
154,trump,Ron Dicker,is written by
155,trump,Michael R. Sisak,is written by
156,trump,Nina Golgowski,is written by
157,trump,Jill Colvin,is written by
158,trump,Ed Mazza,is written by
159,trump,S.V. Date,is written by
160,trump,David Moye,is written by
161,trump,Igor Bobic,is written by
162,trump,Ryan Grenoble,is written by
163,trump,Nick Visser,is written by
164,trump,Arthur Delaney,is written by
165,trump,Dave Jamieson,is written by
166,trump,Chris D'Angelo,is written by
167,trump,Sanjana Karanth,is written by
168,trump,Kevin Robillard,is written by
169,trump,Hilary Hanson,is written by
170,Andy Campbell,POLITICS,covers
171,Igor Bobic,POLITICS,covers
172,Alanna Vagianos,POLITICS,covers
173,Alanna Vagianos,SPORTS,covers
174,capitol,Mary Papenfuss,is written by
175,capitol,Igor Bobic,is written by
176,capitol,Sanjana Karanth,is written by
177,capitol,Nick Visser,is written by
178,capitol,Nina Golgowski,is written by
179,capitol,Ed Mazza,is written by
180,donald,Mary Papenfuss,is written by
181,donald,Nick Visser,is written by
182,Ben Blanchet,POLITICS,covers
183,Ben Blanchet,CRIME,covers
184,David Moye,POLITICS,covers
185,David Moye,CRIME,covers
186,David Moye,SPORTS,covers
187,Nina Golgowski,POLITICS,covers
188,Nina Golgowski,CRIME,covers
189,Jill Colvin,POLITICS,covers
190,HOWARD FENDRICH,SPORTS,covers
191,Ron Dicker,POLITICS,covers
192,Ron Dicker,SPORTS,covers
193,Hilary Hanson,POLITICS,covers
194,Hilary Hanson,SPORTS,covers
195,Jonathan Cohn,POLITICS,covers
196,Sanjana Karanth,POLITICS,covers
197,Sanjana Karanth,CRIME,covers
198,Sanjana Karanth,SPORTS,covers
199,Arthur Delaney,POLITICS,covers
200,election,Marita Vlachou,is written by
201,election,Ron Dicker,is written by
202,election,Jonathan Cohn,is written by
203,election,Igor Bobic,is written by
204,election,Mary Papenfuss,is written by
205,election,Kate Brumback,is written by
206,election,Daniel Marans,is written by
207,election,David Moye,is written by
208,election,Sanjana Karanth,is written by
209,election,S.V. Date,is written by
210,election,Nick Visser,is written by
211,election,Ryan Grenoble,is written by
212,election,Lydia O'Connor,is written by
213,election,Jessica Schulberg,is written by
214,charged,Ben Blanchet,is written by
215,charged,David Moye,is written by
216,charged,Associated Press,is written by
217,charged,Sara Boboltz,is written by
218,charged,Mary Papenfuss,is written by
219,charged,Michael R. Sisak,is written by
220,charged,Terry Spencer,is written by
221,charged,Nina Golgowski,is written by
222,charged,Sanjana Karanth,is written by
223,Phillip Jackson,POLITICS,covers
224,Phillip Jackson,CRIME,covers
225,tennis,Howard Fendrich,is written by
226,tennis,Ron Dicker,is written by
227,Chris D'Angelo,POLITICS,covers
228,athletics,Ron Dicker,is written by
229,athletics,David Moye,is written by
230,athletics,Hilary Hanson,is written by
231,athletics,Elyse Wanshel,is written by
232,athletics,Ed Mazza,is written by
233,athletics,Alanna Vagianos,is written by
234,athletics,Sanjana Karanth,is written by
235,Terry Spencer,CRIME,covers
236,suspect,Mary Papenfuss,is written by
237,suspect,Nina Golgowski,is written by
238,suspect,David Moye,is written by
239,Eric Tucker,POLITICS,covers
240,Eric Tucker,BUSINESS,covers
241,Nick Visser,POLITICS,covers
242,Nick Visser,CRIME,covers
243,Nick Visser,SPORTS,covers
244,Brian Slodysko,POLITICS,covers
245,attack,Ryan Grenoble,is written by
246,basketball,Ryan Grenoble,is written by
247,economy,Ryan Grenoble,is written by
248,football,Ryan Grenoble,is written by
249,police,Ryan Grenoble,is written by
250,court,Ryan Grenoble,is written by
251,technology,Ryan Grenoble,is written by
252,Baseball,Ryan Grenoble,is written by
253,NFL,Ryan Grenoble,is written by
254,golf,Ryan Grenoble,is written by
255,suspect,Ryan Grenoble,is written by
256,donald,Ryan Grenoble,is written by
257,charged,Ryan Grenoble,is written by
258,tennis,Ryan Grenoble,is written by
259,athletics,Ryan Grenoble,is written by
260,capitol,Ryan Grenoble,is written by
261,Ryan Grenoble,CRIME,covers
262,Ryan Grenoble,SPORTS,covers
263,Ryan Grenoble,BUSINESS,covers
264,attack,Zeke Miller,is written by
265,basketball,Zeke Miller,is written by
266,economy,Zeke Miller,is written by
267,democrats,Zeke Miller,is written by
268,football,Zeke Miller,is written by
269,police,Zeke Miller,is written by
270,court,Zeke Miller,is written by
271,technology,Zeke Miller,is written by
272,biden,Zeke Miller,is written by
273,vote,Zeke Miller,is written by
274,Baseball,Zeke Miller,is written by
275,NFL,Zeke Miller,is written by
276,golf,Zeke Miller,is written by
277,trump,Zeke Miller,is written by
278,suspect,Zeke Miller,is written by
279,donald,Zeke Miller,is written by
280,election,Zeke Miller,is written by
281,charged,Zeke Miller,is written by
282,tennis,Zeke Miller,is written by
283,athletics,Zeke Miller,is written by
284,capitol,Zeke Miller,is written by
285,Zeke Miller,CRIME,covers
286,Zeke Miller,SPORTS,covers
287,Zeke Miller,BUSINESS,covers
288,attack,Kevin Robillard,is written by
289,basketball,Kevin Robillard,is written by
290,economy,Kevin Robillard,is written by
291,football,Kevin Robillard,is written by
292,police,Kevin Robillard,is written by
293,court,Kevin Robillard,is written by
294,technology,Kevin Robillard,is written by
295,vote,Kevin Robillard,is written by
296,Baseball,Kevin Robillard,is written by
297,NFL,Kevin Robillard,is written by
298,golf,Kevin Robillard,is written by
299,suspect,Kevin Robillard,is written by
300,donald,Kevin Robillard,is written by
301,election,Kevin Robillard,is written by
302,charged,Kevin Robillard,is written by
303,tennis,Kevin Robillard,is written by
304,athletics,Kevin Robillard,is written by
305,capitol,Kevin Robillard,is written by
306,Kevin Robillard,CRIME,covers
307,Kevin Robillard,SPORTS,covers
308,Kevin Robillard,BUSINESS,covers
309,attack,Elyse Wanshel,is written by
310,basketball,Elyse Wanshel,is written by
311,economy,Elyse Wanshel,is written by
312,democrats,Elyse Wanshel,is written by
313,football,Elyse Wanshel,is written by
314,police,Elyse Wanshel,is written by
315,court,Elyse Wanshel,is written by
316,technology,Elyse Wanshel,is written by
317,vote,Elyse Wanshel,is written by
318,Baseball,Elyse Wanshel,is written by
319,NFL,Elyse Wanshel,is written by
320,golf,Elyse Wanshel,is written by
321,trump,Elyse Wanshel,is written by
322,suspect,Elyse Wanshel,is written by
323,donald,Elyse Wanshel,is written by
324,election,Elyse Wanshel,is written by
325,charged,Elyse Wanshel,is written by
326,tennis,Elyse Wanshel,is written by
327,capitol,Elyse Wanshel,is written by
328,Elyse Wanshel,CRIME,covers
329,Elyse Wanshel,BUSINESS,covers
330,attack,Dave Jamieson,is written by
331,basketball,Dave Jamieson,is written by
332,football,Dave Jamieson,is written by
333,police,Dave Jamieson,is written by
334,court,Dave Jamieson,is written by
335,technology,Dave Jamieson,is written by
336,Baseball,Dave Jamieson,is written by
337,NFL,Dave Jamieson,is written by
338,golf,Dave Jamieson,is written by
339,suspect,Dave Jamieson,is written by
340,donald,Dave Jamieson,is written by
341,election,Dave Jamieson,is written by
342,charged,Dave Jamieson,is written by
343,tennis,Dave Jamieson,is written by
344,athletics,Dave Jamieson,is written by
345,capitol,Dave Jamieson,is written by
346,Dave Jamieson,CRIME,covers
347,Dave Jamieson,SPORTS,covers
348,attack,Nathalie Baptiste,is written by
349,basketball,Nathalie Baptiste,is written by
350,economy,Nathalie Baptiste,is written by
351,democrats,Nathalie Baptiste,is written by
352,football,Nathalie Baptiste,is written by
353,police,Nathalie Baptiste,is written by
354,court,Nathalie Baptiste,is written by
355,technology,Nathalie Baptiste,is written by
356,biden,Nathalie Baptiste,is written by
357,vote,Nathalie Baptiste,is written by
358,Baseball,Nathalie Baptiste,is written by
359,NFL,Nathalie Baptiste,is written by
360,golf,Nathalie Baptiste,is written by
361,trump,Nathalie Baptiste,is written by
362,suspect,Nathalie Baptiste,is written by
363,donald,Nathalie Baptiste,is written by
364,election,Nathalie Baptiste,is written by
365,charged,Nathalie Baptiste,is written by
366,tennis,Nathalie Baptiste,is written by
367,athletics,Nathalie Baptiste,is written by
368,capitol,Nathalie Baptiste,is written by
369,Nathalie Baptiste,CRIME,covers
370,Nathalie Baptiste,SPORTS,covers
371,Nathalie Baptiste,BUSINESS,covers
372,attack,ACACIA CORONADO,is written by
373,basketball,ACACIA CORONADO,is written by
374,economy,ACACIA CORONADO,is written by
375,democrats,ACACIA CORONADO,is written by
376,football,ACACIA CORONADO,is written by
377,police,ACACIA CORONADO,is written by
378,court,ACACIA CORONADO,is written by
379,technology,ACACIA CORONADO,is written by
380,biden,ACACIA CORONADO,is written by
381,vote,ACACIA CORONADO,is written by
382,Baseball,ACACIA CORONADO,is written by
383,NFL,ACACIA CORONADO,is written by
384,golf,ACACIA CORONADO,is written by
385,trump,ACACIA CORONADO,is written by
386,suspect,ACACIA CORONADO,is written by
387,donald,ACACIA CORONADO,is written by
388,election,ACACIA CORONADO,is written by
389,charged,ACACIA CORONADO,is written by
390,tennis,ACACIA CORONADO,is written by
391,athletics,ACACIA CORONADO,is written by
392,capitol,ACACIA CORONADO,is written by
393,ACACIA CORONADO,CRIME,covers
394,ACACIA CORONADO,SPORTS,covers
395,ACACIA CORONADO,BUSINESS,covers
396,attack,Jessica Schulberg,is written by
397,basketball,Jessica Schulberg,is written by
398,economy,Jessica Schulberg,is written by
399,football,Jessica Schulberg,is written by
400,police,Jessica Schulberg,is written by
401,technology,Jessica Schulberg,is written by
402,vote,Jessica Schulberg,is written by
403,Baseball,Jessica Schulberg,is written by
404,NFL,Jessica Schulberg,is written by
405,golf,Jessica Schulberg,is written by
406,trump,Jessica Schulberg,is written by
407,suspect,Jessica Schulberg,is written by
408,donald,Jessica Schulberg,is written by
409,charged,Jessica Schulberg,is written by
410,tennis,Jessica Schulberg,is written by
411,athletics,Jessica Schulberg,is written by
412,capitol,Jessica Schulberg,is written by
413,Jessica Schulberg,CRIME,covers
414,Jessica Schulberg,SPORTS,covers
415,Jessica Schulberg,BUSINESS,covers
416,attack,Jennifer Bendery,is written by
417,basketball,Jennifer Bendery,is written by
418,economy,Jennifer Bendery,is written by
419,football,Jennifer Bendery,is written by
420,police,Jennifer Bendery,is written by
421,technology,Jennifer Bendery,is written by
422,vote,Jennifer Bendery,is written by
423,Baseball,Jennifer Bendery,is written by
424,NFL,Jennifer Bendery,is written by
425,golf,Jennifer Bendery,is written by
426,trump,Jennifer Bendery,is written by
427,suspect,Jennifer Bendery,is written by
428,donald,Jennifer Bendery,is written by
429,election,Jennifer Bendery,is written by
430,charged,Jennifer Bendery,is written by
431,tennis,Jennifer Bendery,is written by
432,athletics,Jennifer Bendery,is written by
433,capitol,Jennifer Bendery,is written by
434,Jennifer Bendery,CRIME,covers
435,Jennifer Bendery,SPORTS,covers
436,Jennifer Bendery,BUSINESS,covers
437,attack,Daniel Marans,is written by
438,basketball,Daniel Marans,is written by
439,economy,Daniel Marans,is written by
440,football,Daniel Marans,is written by
441,police,Daniel Marans,is written by
442,court,Daniel Marans,is written by
443,technology,Daniel Marans,is written by
444,vote,Daniel Marans,is written by
445,Baseball,Daniel Marans,is written by
446,NFL,Daniel Marans,is written by
447,golf,Daniel Marans,is written by
448,trump,Daniel Marans,is written by
449,suspect,Daniel Marans,is written by
450,donald,Daniel Marans,is written by
451,charged,Daniel Marans,is written by
452,tennis,Daniel Marans,is written by
453,athletics,Daniel Marans,is written by
454,capitol,Daniel Marans,is written by
455,Daniel Marans,CRIME,covers
456,Daniel Marans,SPORTS,covers
457,Daniel Marans,BUSINESS,covers
458,attack,CHRIS MEGERIAN,is written by
459,basketball,CHRIS MEGERIAN,is written by
460,economy,CHRIS MEGERIAN,is written by
461,democrats,CHRIS MEGERIAN,is written by
462,football,CHRIS MEGERIAN,is written by
463,republicans,CHRIS MEGERIAN,is written by
464,police,CHRIS MEGERIAN,is written by
465,court,CHRIS MEGERIAN,is written by
466,technology,CHRIS MEGERIAN,is written by
467,vote,CHRIS MEGERIAN,is written by
468,Baseball,CHRIS MEGERIAN,is written by
469,NFL,CHRIS MEGERIAN,is written by
470,golf,CHRIS MEGERIAN,is written by
471,trump,CHRIS MEGERIAN,is written by
472,suspect,CHRIS MEGERIAN,is written by
473,donald,CHRIS MEGERIAN,is written by
474,election,CHRIS MEGERIAN,is written by
475,charged,CHRIS MEGERIAN,is written by
476,tennis,CHRIS MEGERIAN,is written by
477,athletics,CHRIS MEGERIAN,is written by
478,capitol,CHRIS MEGERIAN,is written by
479,CHRIS MEGERIAN,CRIME,covers
480,CHRIS MEGERIAN,SPORTS,covers
481,CHRIS MEGERIAN,BUSINESS,covers
482,attack,Marita Vlachou,is written by
483,basketball,Marita Vlachou,is written by
484,economy,Marita Vlachou,is written by
485,democrats,Marita Vlachou,is written by
486,football,Marita Vlachou,is written by
487,police,Marita Vlachou,is written by
488,technology,Marita Vlachou,is written by
489,vote,Marita Vlachou,is written by
490,Baseball,Marita Vlachou,is written by
491,NFL,Marita Vlachou,is written by
492,golf,Marita Vlachou,is written by
493,trump,Marita Vlachou,is written by
494,suspect,Marita Vlachou,is written by
495,donald,Marita Vlachou,is written by
496,charged,Marita Vlachou,is written by
497,tennis,Marita Vlachou,is written by
498,athletics,Marita Vlachou,is written by
499,capitol,Marita Vlachou,is written by
500,Marita Vlachou,CRIME,covers
501,Marita Vlachou,SPORTS,covers
502,attack,Mary Papenfuss,is written by
503,economy,Mary Papenfuss,is written by
504,football,Mary Papenfuss,is written by
505,Baseball,Mary Papenfuss,is written by
506,NFL,Mary Papenfuss,is written by
507,golf,Mary Papenfuss,is written by
508,tennis,Mary Papenfuss,is written by
509,athletics,Mary Papenfuss,is written by
510,attack,S.V. Date,is written by
511,basketball,S.V. Date,is written by
512,economy,S.V. Date,is written by
513,democrats,S.V. Date,is written by
514,football,S.V. Date,is written by
515,police,S.V. Date,is written by
516,court,S.V. Date,is written by
517,technology,S.V. Date,is written by
518,vote,S.V. Date,is written by
519,Baseball,S.V. Date,is written by
520,NFL,S.V. Date,is written by
521,golf,S.V. Date,is written by
522,suspect,S.V. Date,is written by
523,donald,S.V. Date,is written by
524,charged,S.V. Date,is written by
525,tennis,S.V. Date,is written by
526,athletics,S.V. Date,is written by
527,capitol,S.V. Date,is written by
528,S.V. Date,CRIME,covers
529,S.V. Date,SPORTS,covers
530,S.V. Date,BUSINESS,covers
531,attack,Associated Press,is written by
532,basketball,Associated Press,is written by
533,economy,Associated Press,is written by
534,democrats,Associated Press,is written by
535,football,Associated Press,is written by
536,republicans,Associated Press,is written by
537,police,Associated Press,is written by
538,court,Associated Press,is written by
539,technology,Associated Press,is written by
540,biden,Associated Press,is written by
541,vote,Associated Press,is written by
542,Baseball,Associated Press,is written by
543,NFL,Associated Press,is written by
544,golf,Associated Press,is written by
545,trump,Associated Press,is written by
546,suspect,Associated Press,is written by
547,donald,Associated Press,is written by
548,election,Associated Press,is written by
549,tennis,Associated Press,is written by
550,athletics,Associated Press,is written by
551,capitol,Associated Press,is written by
552,Associated Press,SPORTS,covers
553,Associated Press,POLITICS,covers
554,Associated Press,BUSINESS,covers
555,attack,Sara Boboltz,is written by
556,basketball,Sara Boboltz,is written by
557,economy,Sara Boboltz,is written by
558,football,Sara Boboltz,is written by
559,police,Sara Boboltz,is written by
560,technology,Sara Boboltz,is written by
561,Baseball,Sara Boboltz,is written by
562,NFL,Sara Boboltz,is written by
563,golf,Sara Boboltz,is written by
564,suspect,Sara Boboltz,is written by
565,donald,Sara Boboltz,is written by
566,election,Sara Boboltz,is written by
567,tennis,Sara Boboltz,is written by
568,athletics,Sara Boboltz,is written by
569,capitol,Sara Boboltz,is written by
570,Sara Boboltz,SPORTS,covers
571,Sara Boboltz,BUSINESS,covers
572,attack,Liz Skalka,is written by
573,basketball,Liz Skalka,is written by
574,economy,Liz Skalka,is written by
575,democrats,Liz Skalka,is written by
576,football,Liz Skalka,is written by
577,police,Liz Skalka,is written by
578,court,Liz Skalka,is written by
579,technology,Liz Skalka,is written by
580,vote,Liz Skalka,is written by
581,Baseball,Liz Skalka,is written by
582,NFL,Liz Skalka,is written by
583,golf,Liz Skalka,is written by
584,trump,Liz Skalka,is written by
585,suspect,Liz Skalka,is written by
586,donald,Liz Skalka,is written by
587,election,Liz Skalka,is written by
588,charged,Liz Skalka,is written by
589,tennis,Liz Skalka,is written by
590,athletics,Liz Skalka,is written by
591,capitol,Liz Skalka,is written by
592,Liz Skalka,CRIME,covers
593,Liz Skalka,SPORTS,covers
594,Liz Skalka,BUSINESS,covers
595,attack,FARNOUSH AMIRI,is written by
596,basketball,FARNOUSH AMIRI,is written by
597,economy,FARNOUSH AMIRI,is written by
598,democrats,FARNOUSH AMIRI,is written by
599,football,FARNOUSH AMIRI,is written by
600,police,FARNOUSH AMIRI,is written by
601,technology,FARNOUSH AMIRI,is written by
602,biden,FARNOUSH AMIRI,is written by
603,vote,FARNOUSH AMIRI,is written by
604,Baseball,FARNOUSH AMIRI,is written by
605,NFL,FARNOUSH AMIRI,is written by
606,golf,FARNOUSH AMIRI,is written by
607,trump,FARNOUSH AMIRI,is written by
608,suspect,FARNOUSH AMIRI,is written by
609,donald,FARNOUSH AMIRI,is written by
610,election,FARNOUSH AMIRI,is written by
611,charged,FARNOUSH AMIRI,is written by
612,tennis,FARNOUSH AMIRI,is written by
613,athletics,FARNOUSH AMIRI,is written by
614,capitol,FARNOUSH AMIRI,is written by
615,FARNOUSH AMIRI,CRIME,covers
616,FARNOUSH AMIRI,SPORTS,covers
617,FARNOUSH AMIRI,BUSINESS,covers
618,attack,Jonathan Nicholson,is written by
619,basketball,Jonathan Nicholson,is written by
620,economy,Jonathan Nicholson,is written by
621,democrats,Jonathan Nicholson,is written by
622,football,Jonathan Nicholson,is written by
623,police,Jonathan Nicholson,is written by
624,court,Jonathan Nicholson,is written by
625,technology,Jonathan Nicholson,is written by
626,biden,Jonathan Nicholson,is written by
627,vote,Jonathan Nicholson,is written by
628,Baseball,Jonathan Nicholson,is written by
629,NFL,Jonathan Nicholson,is written by
630,golf,Jonathan Nicholson,is written by
631,trump,Jonathan Nicholson,is written by
632,suspect,Jonathan Nicholson,is written by
633,donald,Jonathan Nicholson,is written by
634,election,Jonathan Nicholson,is written by
635,charged,Jonathan Nicholson,is written by
636,tennis,Jonathan Nicholson,is written by
637,athletics,Jonathan Nicholson,is written by
638,capitol,Jonathan Nicholson,is written by
639,Jonathan Nicholson,CRIME,covers
640,Jonathan Nicholson,SPORTS,covers
641,Jonathan Nicholson,BUSINESS,covers
642,attack,Lydia O'Connor,is written by
643,basketball,Lydia O'Connor,is written by
644,economy,Lydia O'Connor,is written by
645,football,Lydia O'Connor,is written by
646,police,Lydia O'Connor,is written by
647,technology,Lydia O'Connor,is written by
648,vote,Lydia O'Connor,is written by
649,Baseball,Lydia O'Connor,is written by
650,NFL,Lydia O'Connor,is written by
651,golf,Lydia O'Connor,is written by
652,trump,Lydia O'Connor,is written by
653,suspect,Lydia O'Connor,is written by
654,donald,Lydia O'Connor,is written by
655,charged,Lydia O'Connor,is written by
656,tennis,Lydia O'Connor,is written by
657,athletics,Lydia O'Connor,is written by
658,capitol,Lydia O'Connor,is written by
659,Lydia O'Connor,CRIME,covers
660,Lydia O'Connor,SPORTS,covers
661,Lydia O'Connor,BUSINESS,covers
662,attack,Ed Mazza,is written by
663,basketball,Ed Mazza,is written by
664,economy,Ed Mazza,is written by
665,football,Ed Mazza,is written by
666,police,Ed Mazza,is written by
667,court,Ed Mazza,is written by
668,technology,Ed Mazza,is written by
669,vote,Ed Mazza,is written by
670,Baseball,Ed Mazza,is written by
671,NFL,Ed Mazza,is written by
672,golf,Ed Mazza,is written by
673,suspect,Ed Mazza,is written by
674,donald,Ed Mazza,is written by
675,election,Ed Mazza,is written by
676,charged,Ed Mazza,is written by
677,tennis,Ed Mazza,is written by
678,Ed Mazza,CRIME,covers
679,Ed Mazza,BUSINESS,covers
680,attack,Howard Fendrich,is written by
681,basketball,Howard Fendrich,is written by
682,economy,Howard Fendrich,is written by
683,democrats,Howard Fendrich,is written by
684,football,Howard Fendrich,is written by
685,republicans,Howard Fendrich,is written by
686,police,Howard Fendrich,is written by
687,court,Howard Fendrich,is written by
688,technology,Howard Fendrich,is written by
689,biden,Howard Fendrich,is written by
690,vote,Howard Fendrich,is written by
691,Baseball,Howard Fendrich,is written by
692,NFL,Howard Fendrich,is written by
693,golf,Howard Fendrich,is written by
694,trump,Howard Fendrich,is written by
695,suspect,Howard Fendrich,is written by
696,donald,Howard Fendrich,is written by
697,election,Howard Fendrich,is written by
698,charged,Howard Fendrich,is written by
699,athletics,Howard Fendrich,is written by
700,capitol,Howard Fendrich,is written by
701,Howard Fendrich,CRIME,covers
702,Howard Fendrich,POLITICS,covers
703,Howard Fendrich,BUSINESS,covers
704,attack,Michael R. Sisak,is written by
705,basketball,Michael R. Sisak,is written by
706,economy,Michael R. Sisak,is written by
707,democrats,Michael R. Sisak,is written by
708,football,Michael R. Sisak,is written by
709,police,Michael R. Sisak,is written by
710,court,Michael R. Sisak,is written by
711,technology,Michael R. Sisak,is written by
712,biden,Michael R. Sisak,is written by
713,vote,Michael R. Sisak,is written by
714,Baseball,Michael R. Sisak,is written by
715,NFL,Michael R. Sisak,is written by
716,golf,Michael R. Sisak,is written by
717,suspect,Michael R. Sisak,is written by
718,donald,Michael R. Sisak,is written by
719,election,Michael R. Sisak,is written by
720,tennis,Michael R. Sisak,is written by
721,athletics,Michael R. Sisak,is written by
722,capitol,Michael R. Sisak,is written by
723,Michael R. Sisak,SPORTS,covers
724,Michael R. Sisak,BUSINESS,covers
725,attack,Andy Campbell,is written by
726,basketball,Andy Campbell,is written by
727,economy,Andy Campbell,is written by
728,democrats,Andy Campbell,is written by
729,football,Andy Campbell,is written by
730,republicans,Andy Campbell,is written by
731,police,Andy Campbell,is written by
732,court,Andy Campbell,is written by
733,technology,Andy Campbell,is written by
734,vote,Andy Campbell,is written by
735,Baseball,Andy Campbell,is written by
736,NFL,Andy Campbell,is written by
737,golf,Andy Campbell,is written by
738,trump,Andy Campbell,is written by
739,suspect,Andy Campbell,is written by
740,donald,Andy Campbell,is written by
741,election,Andy Campbell,is written by
742,charged,Andy Campbell,is written by
743,tennis,Andy Campbell,is written by
744,athletics,Andy Campbell,is written by
745,capitol,Andy Campbell,is written by
746,Andy Campbell,CRIME,covers
747,Andy Campbell,SPORTS,covers
748,Andy Campbell,BUSINESS,covers
749,attack,Kate Brumback,is written by
750,basketball,Kate Brumback,is written by
751,economy,Kate Brumback,is written by
752,democrats,Kate Brumback,is written by
753,football,Kate Brumback,is written by
754,republicans,Kate Brumback,is written by
755,police,Kate Brumback,is written by
756,court,Kate Brumback,is written by
757,technology,Kate Brumback,is written by
758,biden,Kate Brumback,is written by
759,vote,Kate Brumback,is written by
760,Baseball,Kate Brumback,is written by
761,NFL,Kate Brumback,is written by
762,golf,Kate Brumback,is written by
763,trump,Kate Brumback,is written by
764,suspect,Kate Brumback,is written by
765,donald,Kate Brumback,is written by
766,charged,Kate Brumback,is written by
767,tennis,Kate Brumback,is written by
768,athletics,Kate Brumback,is written by
769,capitol,Kate Brumback,is written by
770,Kate Brumback,CRIME,covers
771,Kate Brumback,SPORTS,covers
772,Kate Brumback,BUSINESS,covers
773,attack,Igor Bobic,is written by
774,basketball,Igor Bobic,is written by
775,economy,Igor Bobic,is written by
776,football,Igor Bobic,is written by
777,police,Igor Bobic,is written by
778,technology,Igor Bobic,is written by
779,Baseball,Igor Bobic,is written by
780,NFL,Igor Bobic,is written by
781,golf,Igor Bobic,is written by
782,suspect,Igor Bobic,is written by
783,donald,Igor Bobic,is written by
784,charged,Igor Bobic,is written by
785,tennis,Igor Bobic,is written by
786,athletics,Igor Bobic,is written by
787,Igor Bobic,CRIME,covers
788,Igor Bobic,SPORTS,covers
789,Igor Bobic,BUSINESS,covers
790,attack,Alanna Vagianos,is written by
791,basketball,Alanna Vagianos,is written by
792,economy,Alanna Vagianos,is written by
793,football,Alanna Vagianos,is written by
794,police,Alanna Vagianos,is written by
795,technology,Alanna Vagianos,is written by
796,vote,Alanna Vagianos,is written by
797,Baseball,Alanna Vagianos,is written by
798,NFL,Alanna Vagianos,is written by
799,golf,Alanna Vagianos,is written by
800,trump,Alanna Vagianos,is written by
801,suspect,Alanna Vagianos,is written by
802,donald,Alanna Vagianos,is written by
803,election,Alanna Vagianos,is written by
804,charged,Alanna Vagianos,is written by
805,tennis,Alanna Vagianos,is written by
806,capitol,Alanna Vagianos,is written by
807,Alanna Vagianos,CRIME,covers
808,Alanna Vagianos,BUSINESS,covers
809,attack,Ben Blanchet,is written by
810,basketball,Ben Blanchet,is written by
811,economy,Ben Blanchet,is written by
812,democrats,Ben Blanchet,is written by
813,football,Ben Blanchet,is written by
814,police,Ben Blanchet,is written by
815,court,Ben Blanchet,is written by
816,technology,Ben Blanchet,is written by
817,vote,Ben Blanchet,is written by
818,Baseball,Ben Blanchet,is written by
819,NFL,Ben Blanchet,is written by
820,golf,Ben Blanchet,is written by
821,trump,Ben Blanchet,is written by
822,suspect,Ben Blanchet,is written by
823,donald,Ben Blanchet,is written by
824,election,Ben Blanchet,is written by
825,tennis,Ben Blanchet,is written by
826,athletics,Ben Blanchet,is written by
827,capitol,Ben Blanchet,is written by
828,Ben Blanchet,SPORTS,covers
829,Ben Blanchet,BUSINESS,covers
830,attack,David Moye,is written by
831,basketball,David Moye,is written by
832,economy,David Moye,is written by
833,football,David Moye,is written by
834,police,David Moye,is written by
835,court,David Moye,is written by
836,technology,David Moye,is written by
837,Baseball,David Moye,is written by
838,donald,David Moye,is written by
839,tennis,David Moye,is written by
840,capitol,David Moye,is written by
841,David Moye,BUSINESS,covers
842,attack,Nina Golgowski,is written by
843,basketball,Nina Golgowski,is written by
844,economy,Nina Golgowski,is written by
845,football,Nina Golgowski,is written by
846,court,Nina Golgowski,is written by
847,technology,Nina Golgowski,is written by
848,vote,Nina Golgowski,is written by
849,Baseball,Nina Golgowski,is written by
850,NFL,Nina Golgowski,is written by
851,golf,Nina Golgowski,is written by
852,donald,Nina Golgowski,is written by
853,election,Nina Golgowski,is written by
854,tennis,Nina Golgowski,is written by
855,athletics,Nina Golgowski,is written by
856,Nina Golgowski,SPORTS,covers
857,Nina Golgowski,BUSINESS,covers
858,attack,Jill Colvin,is written by
859,basketball,Jill Colvin,is written by
860,economy,Jill Colvin,is written by
861,democrats,Jill Colvin,is written by
862,football,Jill Colvin,is written by
863,police,Jill Colvin,is written by
864,court,Jill Colvin,is written by
865,technology,Jill Colvin,is written by
866,biden,Jill Colvin,is written by
867,vote,Jill Colvin,is written by
868,Baseball,Jill Colvin,is written by
869,NFL,Jill Colvin,is written by
870,golf,Jill Colvin,is written by
871,suspect,Jill Colvin,is written by
872,donald,Jill Colvin,is written by
873,election,Jill Colvin,is written by
874,charged,Jill Colvin,is written by
875,tennis,Jill Colvin,is written by
876,athletics,Jill Colvin,is written by
877,capitol,Jill Colvin,is written by
878,Jill Colvin,CRIME,covers
879,Jill Colvin,SPORTS,covers
880,Jill Colvin,BUSINESS,covers
881,attack,HOWARD FENDRICH,is written by
882,basketball,HOWARD FENDRICH,is written by
883,economy,HOWARD FENDRICH,is written by
884,democrats,HOWARD FENDRICH,is written by
885,football,HOWARD FENDRICH,is written by
886,republicans,HOWARD FENDRICH,is written by
887,police,HOWARD FENDRICH,is written by
888,court,HOWARD FENDRICH,is written by
889,technology,HOWARD FENDRICH,is written by
890,biden,HOWARD FENDRICH,is written by
891,vote,HOWARD FENDRICH,is written by
892,Baseball,HOWARD FENDRICH,is written by
893,NFL,HOWARD FENDRICH,is written by
894,golf,HOWARD FENDRICH,is written by
895,trump,HOWARD FENDRICH,is written by
896,suspect,HOWARD FENDRICH,is written by
897,donald,HOWARD FENDRICH,is written by
898,election,HOWARD FENDRICH,is written by
899,charged,HOWARD FENDRICH,is written by
900,tennis,HOWARD FENDRICH,is written by
901,athletics,HOWARD FENDRICH,is written by
902,capitol,HOWARD FENDRICH,is written by
903,HOWARD FENDRICH,CRIME,covers
904,HOWARD FENDRICH,POLITICS,covers
905,HOWARD FENDRICH,BUSINESS,covers
906,attack,Ron Dicker,is written by
907,economy,Ron Dicker,is written by
908,police,Ron Dicker,is written by
909,court,Ron Dicker,is written by
910,technology,Ron Dicker,is written by
911,vote,Ron Dicker,is written by
912,suspect,Ron Dicker,is written by
913,donald,Ron Dicker,is written by
914,charged,Ron Dicker,is written by
915,capitol,Ron Dicker,is written by
916,Ron Dicker,CRIME,covers
917,Ron Dicker,BUSINESS,covers
918,attack,Hilary Hanson,is written by
919,economy,Hilary Hanson,is written by
920,democrats,Hilary Hanson,is written by
921,football,Hilary Hanson,is written by
922,police,Hilary Hanson,is written by
923,court,Hilary Hanson,is written by
924,technology,Hilary Hanson,is written by
925,vote,Hilary Hanson,is written by
926,Baseball,Hilary Hanson,is written by
927,NFL,Hilary Hanson,is written by
928,golf,Hilary Hanson,is written by
929,suspect,Hilary Hanson,is written by
930,donald,Hilary Hanson,is written by
931,election,Hilary Hanson,is written by
932,charged,Hilary Hanson,is written by
933,tennis,Hilary Hanson,is written by
934,capitol,Hilary Hanson,is written by
935,Hilary Hanson,CRIME,covers
936,Hilary Hanson,BUSINESS,covers
937,attack,Jonathan Cohn,is written by
938,basketball,Jonathan Cohn,is written by
939,economy,Jonathan Cohn,is written by
940,football,Jonathan Cohn,is written by
941,police,Jonathan Cohn,is written by
942,court,Jonathan Cohn,is written by
943,technology,Jonathan Cohn,is written by
944,vote,Jonathan Cohn,is written by
945,Baseball,Jonathan Cohn,is written by
946,NFL,Jonathan Cohn,is written by
947,golf,Jonathan Cohn,is written by
948,trump,Jonathan Cohn,is written by
949,suspect,Jonathan Cohn,is written by
950,donald,Jonathan Cohn,is written by
951,charged,Jonathan Cohn,is written by
952,tennis,Jonathan Cohn,is written by
953,athletics,Jonathan Cohn,is written by
954,capitol,Jonathan Cohn,is written by
955,Jonathan Cohn,CRIME,covers
956,Jonathan Cohn,SPORTS,covers
957,Jonathan Cohn,BUSINESS,covers
958,attack,Sanjana Karanth,is written by
959,basketball,Sanjana Karanth,is written by
960,economy,Sanjana Karanth,is written by
961,football,Sanjana Karanth,is written by
962,police,Sanjana Karanth,is written by
963,court,Sanjana Karanth,is written by
964,technology,Sanjana Karanth,is written by
965,Baseball,Sanjana Karanth,is written by
966,NFL,Sanjana Karanth,is written by
967,golf,Sanjana Karanth,is written by
968,suspect,Sanjana Karanth,is written by
969,donald,Sanjana Karanth,is written by
970,tennis,Sanjana Karanth,is written by
971,Sanjana Karanth,BUSINESS,covers
972,attack,Arthur Delaney,is written by
973,basketball,Arthur Delaney,is written by
974,economy,Arthur Delaney,is written by
975,democrats,Arthur Delaney,is written by
976,football,Arthur Delaney,is written by
977,police,Arthur Delaney,is written by
978,court,Arthur Delaney,is written by
979,technology,Arthur Delaney,is written by
980,Baseball,Arthur Delaney,is written by
981,NFL,Arthur Delaney,is written by
982,golf,Arthur Delaney,is written by
983,suspect,Arthur Delaney,is written by
984,donald,Arthur Delaney,is written by
985,election,Arthur Delaney,is written by
986,charged,Arthur Delaney,is written by
987,tennis,Arthur Delaney,is written by
988,athletics,Arthur Delaney,is written by
989,capitol,Arthur Delaney,is written by
990,Arthur Delaney,CRIME,covers
991,Arthur Delaney,SPORTS,covers
992,Arthur Delaney,BUSINESS,covers
993,attack,Phillip Jackson,is written by
994,basketball,Phillip Jackson,is written by
995,economy,Phillip Jackson,is written by
996,democrats,Phillip Jackson,is written by
997,football,Phillip Jackson,is written by
998,police,Phillip Jackson,is written by
999,court,Phillip Jackson,is written by
1000,technology,Phillip Jackson,is written by
1001,biden,Phillip Jackson,is written by
1002,vote,Phillip Jackson,is written by
1003,Baseball,Phillip Jackson,is written by
1004,NFL,Phillip Jackson,is written by
1005,golf,Phillip Jackson,is written by
1006,trump,Phillip Jackson,is written by
1007,suspect,Phillip Jackson,is written by
1008,donald,Phillip Jackson,is written by
1009,election,Phillip Jackson,is written by
1010,charged,Phillip Jackson,is written by
1011,tennis,Phillip Jackson,is written by
1012,athletics,Phillip Jackson,is written by
1013,capitol,Phillip Jackson,is written by
1014,Phillip Jackson,SPORTS,covers
1015,Phillip Jackson,BUSINESS,covers
1016,attack,Chris D'Angelo,is written by
1017,basketball,Chris D'Angelo,is written by
1018,economy,Chris D'Angelo,is written by
1019,football,Chris D'Angelo,is written by
1020,police,Chris D'Angelo,is written by
1021,court,Chris D'Angelo,is written by
1022,technology,Chris D'Angelo,is written by
1023,vote,Chris D'Angelo,is written by
1024,Baseball,Chris D'Angelo,is written by
1025,NFL,Chris D'Angelo,is written by
1026,golf,Chris D'Angelo,is written by
1027,suspect,Chris D'Angelo,is written by
1028,donald,Chris D'Angelo,is written by
1029,election,Chris D'Angelo,is written by
1030,charged,Chris D'Angelo,is written by
1031,tennis,Chris D'Angelo,is written by
1032,athletics,Chris D'Angelo,is written by
1033,capitol,Chris D'Angelo,is written by
1034,Chris D'Angelo,CRIME,covers
1035,Chris D'Angelo,SPORTS,covers
1036,Chris D'Angelo,BUSINESS,covers
1037,attack,Terry Spencer,is written by
1038,basketball,Terry Spencer,is written by
1039,economy,Terry Spencer,is written by
1040,democrats,Terry Spencer,is written by
1041,football,Terry Spencer,is written by
1042,republicans,Terry Spencer,is written by
1043,police,Terry Spencer,is written by
1044,court,Terry Spencer,is written by
1045,technology,Terry Spencer,is written by
1046,biden,Terry Spencer,is written by
1047,vote,Terry Spencer,is written by
1048,Baseball,Terry Spencer,is written by
1049,NFL,Terry Spencer,is written by
1050,golf,Terry Spencer,is written by
1051,trump,Terry Spencer,is written by
1052,suspect,Terry Spencer,is written by
1053,donald,Terry Spencer,is written by
1054,election,Terry Spencer,is written by
1055,tennis,Terry Spencer,is written by
1056,athletics,Terry Spencer,is written by
1057,capitol,Terry Spencer,is written by
1058,Terry Spencer,SPORTS,covers
1059,Terry Spencer,POLITICS,covers
1060,Terry Spencer,BUSINESS,covers
1061,attack,Eric Tucker,is written by
1062,basketball,Eric Tucker,is written by
1063,economy,Eric Tucker,is written by
1064,democrats,Eric Tucker,is written by
1065,football,Eric Tucker,is written by
1066,police,Eric Tucker,is written by
1067,vote,Eric Tucker,is written by
1068,Baseball,Eric Tucker,is written by
1069,NFL,Eric Tucker,is written by
1070,golf,Eric Tucker,is written by
1071,trump,Eric Tucker,is written by
1072,suspect,Eric Tucker,is written by
1073,donald,Eric Tucker,is written by
1074,election,Eric Tucker,is written by
1075,charged,Eric Tucker,is written by
1076,tennis,Eric Tucker,is written by
1077,athletics,Eric Tucker,is written by
1078,capitol,Eric Tucker,is written by
1079,Eric Tucker,CRIME,covers
1080,Eric Tucker,SPORTS,covers
1081,attack,Nick Visser,is written by
1082,economy,Nick Visser,is written by
1083,football,Nick Visser,is written by
1084,police,Nick Visser,is written by
1085,technology,Nick Visser,is written by
1086,Baseball,Nick Visser,is written by
1087,NFL,Nick Visser,is written by
1088,golf,Nick Visser,is written by
1089,suspect,Nick Visser,is written by
1090,charged,Nick Visser,is written by
1091,tennis,Nick Visser,is written by
1092,athletics,Nick Visser,is written by
1093,Nick Visser,BUSINESS,covers
1094,attack,Brian Slodysko,is written by
1095,basketball,Brian Slodysko,is written by
1096,economy,Brian Slodysko,is written by
1097,democrats,Brian Slodysko,is written by
1098,football,Brian Slodysko,is written by
1099,police,Brian Slodysko,is written by
1100,court,Brian Slodysko,is written by
1101,technology,Brian Slodysko,is written by
1102,biden,Brian Slodysko,is written by
1103,vote,Brian Slodysko,is written by
1104,Baseball,Brian Slodysko,is written by
1105,NFL,Brian Slodysko,is written by
1106,golf,Brian Slodysko,is written by
1107,trump,Brian Slodysko,is written by
1108,suspect,Brian Slodysko,is written by
1109,donald,Brian Slodysko,is written by
1110,election,Brian Slodysko,is written by
1111,charged,Brian Slodysko,is written by
1112,tennis,Brian Slodysko,is written by
1113,athletics,Brian Slodysko,is written by
1114,capitol,Brian Slodysko,is written by
1115,Brian Slodysko,CRIME,covers
1116,Brian Slodysko,SPORTS,covers
1117,Brian Slodysko,BUSINESS,covers
