,source,target,relationship,type,label
0,ACACIA CORONADO,BUSINESS,covers,explicit,no change
1,ACACIA CORONADO,CRIME,covers,explicit,no change
2,ACACIA CORONADO,POLITICS,covers,explicit,no change
3,ACACIA CORONADO,SPORTS,covers,explicit,no change
4,ANTHONY IZAGUIRRE,POLITICS,covers,implicit,no change
5,Aakriti Bhalla,POLITICS,covers,implicit,no change
6,Aamer Madhani,POLITICS,covers,implicit,no change
7,Acacia Coronado,POLITICS,covers,implicit,no change
8,Akbar Shahid Ahmed,POLITICS,covers,implicit,no change
9,Alan Fram,POLITICS,covers,implicit,no change
10,Alanna Durkin R,CRIME,covers,implicit,no change
11,Alanna Vagianos,BUSINESS,covers,explicit,no change
12,Alanna Vagianos,CRIME,covers,explicit,no change
13,Alanna Vagianos,POLITICS,covers,explicit,no change
14,Alanna Vagianos,SPORTS,covers,explicit,no change
15,Alexander C. Kaufman,BUSINESS,covers,implicit,no change
16,Alexander C. Kaufman,POLITICS,covers,implicit,no change
17,Alexandra Jaffe,POLITICS,covers,implicit,no change
18,Amanda Terkel,POLITICS,covers,implicit,no change
19,Amy Taxin,POLITICS,covers,implicit,no change
20,Andrew DeMillo,POLITICS,covers,implicit,no change
21,Andrew Heavens,POLITICS,covers,implicit,no change
22,Andrew Welsh-Huggins,POLITICS,covers,implicit,no change
23,Andy Campbell,BUSINESS,covers,explicit,no change
24,Andy Campbell,CRIME,covers,explicit,no change
25,Andy Campbell,POLITICS,covers,explicit,no change
26,Andy Campbell,SPORTS,covers,explicit,no change
27,Angela Moore,POLITICS,covers,implicit,no change
28,Ariel Edwards-Levy,POLITICS,covers,implicit,no change
29,Arthur Delaney,BUSINESS,covers,explicit,no change
30,Arthur Delaney,CRIME,covers,explicit,no change
31,Arthur Delaney,POLITICS,covers,explicit,no change
32,Arthur Delaney,SPORTS,covers,explicit,no change
33,Ashraf Khalil,POLITICS,covers,implicit,no change
34,Associated Press,BUSINESS,covers,explicit,no change
35,Associated Press,CRIME,covers,explicit,no change
36,Associated Press,POLITICS,covers,explicit,addition
37,Associated Press,SPORTS,covers,explicit,no change
38,BRIAN MELLEY,CRIME,covers,implicit,no change
39,BRIAN SLODYSKO,POLITICS,covers,implicit,no change
40,Baseball,ACACIA CORONADO,is written by,explicit,no change
41,Baseball,Alanna Vagianos,is written by,explicit,no change
42,Baseball,Andy Campbell,is written by,explicit,no change
43,Baseball,Arthur Delaney,is written by,explicit,no change
44,Baseball,Associated Press,is written by,explicit,no change
45,Baseball,Ben Blanchet,is written by,explicit,no change
46,Baseball,Bernie Wilson,is written by,implicit,no change
47,Baseball,Brian Slodysko,is written by,explicit,no change
48,Baseball,CHRIS MEGERIAN,is written by,explicit,no change
49,Baseball,Chris D'Angelo,is written by,explicit,no change
50,Baseball,Daniel Marans,is written by,explicit,no change
51,Baseball,Dave Jamieson,is written by,explicit,addition
52,Baseball,David Moye,is written by,explicit,no change
53,Baseball,Ed Mazza,is written by,explicit,no change
54,Baseball,Elyse Wanshel,is written by,explicit,no change
55,Baseball,Eric Tucker,is written by,explicit,no change
56,Baseball,FARNOUSH AMIRI,is written by,explicit,no change
57,Baseball,HOWARD FENDRICH,is written by,explicit,no change
58,Baseball,Hilary Hanson,is written by,explicit,no change
59,Baseball,Howard Fendrich,is written by,explicit,no change
60,Baseball,Igor Bobic,is written by,explicit,no change
61,Baseball,Jennifer Bendery,is written by,explicit,no change
62,Baseball,Jessica Schulberg,is written by,explicit,no change
63,Baseball,Jill Colvin,is written by,explicit,no change
64,Baseball,Jonathan Cohn,is written by,explicit,no change
65,Baseball,Jonathan Nicholson,is written by,explicit,no change
66,Baseball,Josephine Harvey,is written by,implicit,no change
67,Baseball,Kate Brumback,is written by,explicit,no change
68,Baseball,Kevin Robillard,is written by,explicit,no change
69,Baseball,Liz Skalka,is written by,explicit,no change
70,Baseball,Lydia O'Connor,is written by,explicit,no change
71,Baseball,Marita Vlachou,is written by,explicit,no change
72,Baseball,Mary Papenfuss,is written by,explicit,no change
73,Baseball,Michael R. Sisak,is written by,explicit,no change
74,Baseball,Nathalie Baptiste,is written by,explicit,no change
75,Baseball,Nick Visser,is written by,explicit,no change
76,Baseball,Nina Golgowski,is written by,explicit,no change
77,Baseball,Phillip Jackson,is written by,explicit,no change
78,Baseball,Ron Dicker,is written by,explicit,no change
79,Baseball,Ronald Blum,is written by,implicit,no change
80,Baseball,Ryan Grenoble,is written by,explicit,no change
81,Baseball,S.V. Date,is written by,explicit,no change
82,Baseball,Sanjana Karanth,is written by,explicit,no change
83,Baseball,Sara Boboltz,is written by,explicit,no change
84,Baseball,Terry Spencer,is written by,explicit,no change
85,Baseball,Zeke Miller,is written by,explicit,no change
86,Ben Blanchet,BUSINESS,covers,explicit,no change
87,Ben Blanchet,CRIME,covers,explicit,no change
88,Ben Blanchet,POLITICS,covers,explicit,no change
89,Ben Blanchet,SPORTS,covers,explicit,addition
90,Bernie Wilson,SPORTS,covers,implicit,no change
91,Bill Barrow,POLITICS,covers,implicit,no change
92,Bill Bradley,SPORTS,covers,implicit,no change
93,Brian Slodysko,BUSINESS,covers,explicit,no change
94,Brian Slodysko,CRIME,covers,explicit,no change
95,Brian Slodysko,POLITICS,covers,explicit,no change
96,Brian Slodysko,SPORTS,covers,explicit,no change
97,By CASEY SMITH,POLITICS,covers,implicit,no change
98,By Colleen Long,POLITICS,covers,implicit,no change
99,By Mark Sherman,POLITICS,covers,implicit,no change
100,CHRIS MEGERIAN,BUSINESS,covers,explicit,no change
101,CHRIS MEGERIAN,CRIME,covers,explicit,no change
102,CHRIS MEGERIAN,POLITICS,covers,explicit,no change
103,CHRIS MEGERIAN,SPORTS,covers,explicit,no change
104,CHRISTOPHER RUGABER,POLITICS,covers,implicit,no change
105,Cara Anna,POLITICS,covers,implicit,no change
106,Carol Kuruvilla,POLITICS,covers,implicit,no change
107,Caroline Spiezio,POLITICS,covers,implicit,no change
108,Carolyn Thompson,CRIME,covers,implicit,no change
109,Charles Odum,SPORTS,covers,implicit,no change
110,Chris D'Angelo,BUSINESS,covers,explicit,no change
111,Chris D'Angelo,CRIME,covers,explicit,no change
112,Chris D'Angelo,POLITICS,covers,explicit,no change
113,Chris D'Angelo,SPORTS,covers,explicit,no change
114,Christopher Mathias,POLITICS,covers,implicit,no change
115,Christopher Rugaber,BUSINESS,covers,implicit,no change
116,Christopher Rugaber,POLITICS,covers,implicit,no change
117,Colleen Long,POLITICS,covers,implicit,no change
118,Collin Binkley,POLITICS,covers,implicit,no change
119,Curt Anderson,POLITICS,covers,implicit,no change
120,Curtis M. Wong,POLITICS,covers,implicit,no change
121,DAVID BAUDER,POLITICS,covers,implicit,no change
122,DAVID PITT,POLITICS,covers,implicit,no change
123,DOUG FEINBERG,SPORTS,covers,implicit,no change
124,Daniel Marans,BUSINESS,covers,explicit,no change
125,Daniel Marans,CRIME,covers,explicit,no change
126,Daniel Marans,POLITICS,covers,explicit,no change
127,Daniel Marans,SPORTS,covers,explicit,no change
128,Dave Jamieson,BUSINESS,covers,explicit,no change
129,Dave Jamieson,CRIME,covers,explicit,no change
130,Dave Jamieson,POLITICS,covers,explicit,no change
131,Dave Jamieson,SPORTS,covers,explicit,addition
132,David Bauder,POLITICS,covers,implicit,no change
133,David Crary,POLITICS,covers,implicit,no change
134,David Eggert,POLITICS,covers,implicit,no change
135,David Klepper,POLITICS,covers,implicit,no change
136,David Morgan,POLITICS,covers,implicit,no change
137,David Moye,BUSINESS,covers,explicit,no change
138,David Moye,CRIME,covers,explicit,no change
139,David Moye,POLITICS,covers,explicit,no change
140,David Moye,SPORTS,covers,explicit,no change
141,Dominique Mosbergen,POLITICS,covers,implicit,no change
142,Dominique Mosbergen,SPORTS,covers,implicit,no change
143,Don Thompson,POLITICS,covers,implicit,no change
144,EDDIE PELLS,SPORTS,covers,implicit,no change
145,ELAINE GANLEY,POLITICS,covers,implicit,no change
146,Ed Mazza,BUSINESS,covers,explicit,no change
147,Ed Mazza,CRIME,covers,explicit,no change
148,Ed Mazza,POLITICS,covers,explicit,no change
149,Ed Mazza,SPORTS,covers,explicit,no change
150,Ed White,CRIME,covers,implicit,no change
151,Ed White,POLITICS,covers,implicit,no change
152,Edith M. Lederer,POLITICS,covers,implicit,no change
153,Elise Foley,POLITICS,covers,implicit,no change
154,Ellen Knickmeyer,POLITICS,covers,implicit,no change
155,Elliot Spagat,CRIME,covers,implicit,no change
156,Elliot Spagat,POLITICS,covers,implicit,no change
157,Elyse Wanshel,BUSINESS,covers,explicit,no change
158,Elyse Wanshel,CRIME,covers,explicit,addition
159,Elyse Wanshel,POLITICS,covers,explicit,no change
160,Elyse Wanshel,SPORTS,covers,explicit,no change
161,Emily Peck,POLITICS,covers,implicit,no change
162,Eric Tucker,BUSINESS,covers,explicit,no change
163,Eric Tucker,CRIME,covers,explicit,no change
164,Eric Tucker,POLITICS,covers,explicit,no change
165,Eric Tucker,SPORTS,covers,explicit,no change
166,FARNOUSH AMIRI,BUSINESS,covers,explicit,no change
167,FARNOUSH AMIRI,CRIME,covers,explicit,no change
168,FARNOUSH AMIRI,POLITICS,covers,explicit,no change
169,FARNOUSH AMIRI,SPORTS,covers,explicit,no change
170,FREIDA FRISARO,POLITICS,covers,implicit,no change
171,Farnoush Amiri,POLITICS,covers,implicit,no change
172,Frank Schwab,SPORTS,covers,implicit,no change
173,Garance Burke,POLITICS,covers,implicit,no change
174,George Zornick,POLITICS,covers,implicit,no change
175,HOWARD FENDRICH,BUSINESS,covers,explicit,no change
176,HOWARD FENDRICH,CRIME,covers,explicit,no change
177,HOWARD FENDRICH,POLITICS,covers,explicit,no change
178,HOWARD FENDRICH,SPORTS,covers,explicit,no change
179,Hayley Miller,CRIME,covers,implicit,no change
180,Hayley Miller,POLITICS,covers,implicit,no change
181,Hayley Miller,SPORTS,covers,implicit,no change
182,Hilary Hanson,BUSINESS,covers,explicit,no change
183,Hilary Hanson,CRIME,covers,explicit,no change
184,Hilary Hanson,POLITICS,covers,explicit,no change
185,Hilary Hanson,SPORTS,covers,explicit,no change
186,Hope Yen,POLITICS,covers,implicit,no change
187,Howard Fendrich,BUSINESS,covers,explicit,no change
188,Howard Fendrich,CRIME,covers,explicit,no change
189,Howard Fendrich,POLITICS,covers,explicit,no change
190,Howard Fendrich,SPORTS,covers,explicit,no change
191,HuffPost Editors,POLITICS,covers,implicit,no change
192,HuffPost Staff,POLITICS,covers,implicit,no change
193,Hugo Greenhalgh,POLITICS,covers,implicit,no change
194,Hunter Walker,POLITICS,covers,implicit,no change
195,Igor Bobic,BUSINESS,covers,explicit,no change
196,Igor Bobic,CRIME,covers,explicit,no change
197,Igor Bobic,POLITICS,covers,explicit,no change
198,Igor Bobic,SPORTS,covers,explicit,no change
199,JAKE SEINER,SPORTS,covers,implicit,no change
200,JAMES ANDERSON,POLITICS,covers,implicit,no change
201,JEFFREY COLLINS,POLITICS,covers,implicit,no change
202,JILL COLVIN,POLITICS,covers,implicit,no change
203,JILL LAWLESS,SPORTS,covers,implicit,no change
204,JOHN HANNA,POLITICS,covers,implicit,no change
205,JOSH BOAK,POLITICS,covers,implicit,no change
206,Ja'han Jones,POLITICS,covers,implicit,no change
207,Ja'han Jones,SPORTS,covers,implicit,no change
208,Jake Bleiberg,POLITICS,covers,implicit,no change
209,James Anderson,POLITICS,covers,implicit,no change
210,James LaPorta,POLITICS,covers,implicit,no change
211,Jan Wolfe,POLITICS,covers,implicit,no change
212,Jarrett Renshaw,POLITICS,covers,implicit,no change
213,Jeff Martin,POLITICS,covers,implicit,no change
214,Jeff Mason,POLITICS,covers,implicit,no change
215,Jenna Amatulli,POLITICS,covers,implicit,no change
216,Jennifer Bendery,BUSINESS,covers,explicit,no change
217,Jennifer Bendery,CRIME,covers,explicit,no change
218,Jennifer Bendery,POLITICS,covers,explicit,no change
219,Jennifer Bendery,SPORTS,covers,explicit,no change
220,Jennifer Peltz,POLITICS,covers,implicit,no change
221,Jeremy Blum,POLITICS,covers,implicit,no change
222,Jessica Gresko,POLITICS,covers,implicit,no change
223,Jessica Schulberg,BUSINESS,covers,explicit,no change
224,Jessica Schulberg,CRIME,covers,explicit,no change
225,Jessica Schulberg,POLITICS,covers,explicit,no change
226,Jessica Schulberg,SPORTS,covers,explicit,no change
227,Jill Colvin,BUSINESS,covers,explicit,no change
228,Jill Colvin,CRIME,covers,explicit,no change
229,Jill Colvin,POLITICS,covers,explicit,no change
230,Jill Colvin,SPORTS,covers,explicit,no change
231,Jonathan Cohn,BUSINESS,covers,explicit,no change
232,Jonathan Cohn,CRIME,covers,explicit,no change
233,Jonathan Cohn,POLITICS,covers,explicit,no change
234,Jonathan Cohn,SPORTS,covers,explicit,no change
235,Jonathan Lemire,POLITICS,covers,implicit,no change
236,Jonathan Nicholson,BUSINESS,covers,explicit,no change
237,Jonathan Nicholson,CRIME,covers,explicit,no change
238,Jonathan Nicholson,POLITICS,covers,explicit,no change
239,Jonathan Nicholson,SPORTS,covers,explicit,no change
240,Joseph Ax,POLITICS,covers,implicit,no change
241,Josephine Harvey,POLITICS,covers,implicit,no change
242,Josephine Harvey,SPORTS,covers,implicit,no change
243,Josh Boak,POLITICS,covers,implicit,no change
244,Julie Carr Smyth,POLITICS,covers,implicit,no change
245,KYLE HIGHTOWER,SPORTS,covers,implicit,no change
246,Karen Matthews,POLITICS,covers,implicit,no change
247,Kate Brumback,BUSINESS,covers,explicit,no change
248,Kate Brumback,CRIME,covers,explicit,no change
249,Kate Brumback,POLITICS,covers,explicit,no change
250,Kate Brumback,SPORTS,covers,explicit,no change
251,Kathy Gannon,POLITICS,covers,implicit,no change
252,Kelli Kennedy,CRIME,covers,implicit,no change
253,Kelli Kennedy,POLITICS,covers,implicit,no change
254,Ken Ritter,CRIME,covers,implicit,no change
255,Kevin Robillard,BUSINESS,covers,explicit,no change
256,Kevin Robillard,CRIME,covers,explicit,no change
257,Kevin Robillard,POLITICS,covers,explicit,no change
258,Kevin Robillard,SPORTS,covers,explicit,no change
259,Kimberlee Kruesi,CRIME,covers,implicit,no change
260,Kimberlee Kruesi,POLITICS,covers,implicit,no change
261,Kimberley Richards,POLITICS,covers,implicit,no change
262,Kimberley Richards,SPORTS,covers,implicit,no change
263,LARRY NEUMEISTER,CRIME,covers,implicit,no change
264,LARRY NEUMEISTER,SPORTS,covers,implicit,no change
265,LISA RATHKE,POLITICS,covers,implicit,no change
266,LOLITA C. BALDOR,POLITICS,covers,implicit,no change
267,Larry Neumeister,CRIME,covers,implicit,no change
268,Laurie Kellman,POLITICS,covers,implicit,no change
269,Lawrence Hurley,POLITICS,covers,implicit,no change
270,Lee Moran,POLITICS,covers,implicit,no change
271,Lee Moran,SPORTS,covers,implicit,no change
272,Lindsay Whitehurst,CRIME,covers,implicit,no change
273,Lisa Mascaro,POLITICS,covers,implicit,no change
274,Liz Skalka,BUSINESS,covers,explicit,no change
275,Liz Skalka,CRIME,covers,explicit,no change
276,Liz Skalka,POLITICS,covers,explicit,no change
277,Liz Skalka,SPORTS,covers,explicit,no change
278,Liza Hearon,POLITICS,covers,implicit,no change
279,Lolita C. Baldor,POLITICS,covers,implicit,no change
280,Luke O'Brien,POLITICS,covers,implicit,no change
281,Lydia O'Connor,BUSINESS,covers,explicit,no change
282,Lydia O'Connor,CRIME,covers,explicit,no change
283,Lydia O'Connor,POLITICS,covers,explicit,no change
284,Lydia O'Connor,SPORTS,covers,explicit,no change
285,MAE ANDERSON,POLITICS,covers,implicit,no change
286,MARINA VILLENEUVE,POLITICS,covers,implicit,no change
287,MARK SHERMAN,POLITICS,covers,implicit,no change
288,MARY CLARE JALONICK,POLITICS,covers,implicit,no change
289,MATTIAS KARÃ‰N,SPORTS,covers,implicit,no change
290,MICHAEL BALSAMO,POLITICS,covers,implicit,no change
291,MOGOMOTSI MAGOME,CRIME,covers,implicit,no change
292,Marina Fang,POLITICS,covers,implicit,no change
293,Marina Villenueve,POLITICS,covers,implicit,no change
294,Marita Vlachou,BUSINESS,covers,explicit,no change
295,Marita Vlachou,CRIME,covers,explicit,no change
296,Marita Vlachou,POLITICS,covers,explicit,no change
297,Marita Vlachou,SPORTS,covers,explicit,no change
298,Mark Sherman,POLITICS,covers,implicit,no change
299,Mary Clare Jalonick,POLITICS,covers,implicit,no change
300,Mary Papenfuss,BUSINESS,covers,explicit,no change
301,Mary Papenfuss,CRIME,covers,explicit,no change
302,Mary Papenfuss,POLITICS,covers,explicit,no change
303,Mary Papenfuss,SPORTS,covers,explicit,no change
304,Maryclaire Dale,CRIME,covers,implicit,no change
305,Matt Fuller,POLITICS,covers,implicit,no change
306,Matt O'Brien,POLITICS,covers,implicit,no change
307,Matthew Daly,POLITICS,covers,implicit,no change
308,Matthew Lee,POLITICS,covers,implicit,no change
309,Mead Gruver,POLITICS,covers,implicit,no change
310,Melissa Jeltsen,POLITICS,covers,implicit,no change
311,Michael Balsamo,POLITICS,covers,implicit,no change
312,Michael Hobbes,POLITICS,covers,implicit,no change
313,Michael Kunzelman,POLITICS,covers,implicit,no change
314,Michael Liedtke,CRIME,covers,implicit,no change
315,Michael R. Sisak,BUSINESS,covers,explicit,no change
316,Michael R. Sisak,CRIME,covers,explicit,no change
317,Michael R. Sisak,POLITICS,covers,explicit,no change
318,Michael R. Sisak,SPORTS,covers,explicit,no change
319,Michael R. Sisick,POLITICS,covers,implicit,no change
320,Michelle L. Price,POLITICS,covers,implicit,no change
321,Mike Schneider,POLITICS,covers,implicit,no change
322,Molly Redden,POLITICS,covers,implicit,no change
323,NFL,ACACIA CORONADO,is written by,explicit,no change
324,NFL,Alanna Vagianos,is written by,explicit,no change
325,NFL,Andy Campbell,is written by,explicit,no change
326,NFL,Arthur Delaney,is written by,explicit,no change
327,NFL,Associated Press,is written by,explicit,no change
328,NFL,Ben Blanchet,is written by,explicit,addition
329,NFL,Bill Bradley,is written by,implicit,no change
330,NFL,Brian Slodysko,is written by,explicit,no change
331,NFL,CHRIS MEGERIAN,is written by,explicit,no change
332,NFL,Chris D'Angelo,is written by,explicit,no change
333,NFL,Daniel Marans,is written by,explicit,no change
334,NFL,Dave Jamieson,is written by,explicit,no change
335,NFL,David Moye,is written by,explicit,no change
336,NFL,Ed Mazza,is written by,explicit,no change
337,NFL,Elyse Wanshel,is written by,explicit,no change
338,NFL,Eric Tucker,is written by,explicit,no change
339,NFL,FARNOUSH AMIRI,is written by,explicit,no change
340,NFL,HOWARD FENDRICH,is written by,explicit,no change
341,NFL,Hilary Hanson,is written by,explicit,no change
342,NFL,Howard Fendrich,is written by,explicit,no change
343,NFL,Igor Bobic,is written by,explicit,no change
344,NFL,Jennifer Bendery,is written by,explicit,no change
345,NFL,Jessica Schulberg,is written by,explicit,no change
346,NFL,Jill Colvin,is written by,explicit,no change
347,NFL,Jonathan Cohn,is written by,explicit,no change
348,NFL,Jonathan Nicholson,is written by,explicit,no change
349,NFL,Kate Brumback,is written by,explicit,no change
350,NFL,Kevin Robillard,is written by,explicit,no change
351,NFL,LARRY NEUMEISTER,is written by,implicit,no change
352,NFL,Liz Skalka,is written by,explicit,no change
353,NFL,Lydia O'Connor,is written by,explicit,no change
354,NFL,Marita Vlachou,is written by,explicit,no change
355,NFL,Mary Papenfuss,is written by,explicit,no change
356,NFL,Michael R. Sisak,is written by,explicit,no change
357,NFL,Nathalie Baptiste,is written by,explicit,no change
358,NFL,Nick Visser,is written by,explicit,no change
359,NFL,Nina Golgowski,is written by,explicit,no change
360,NFL,Phillip Jackson,is written by,explicit,no change
361,NFL,Ron Dicker,is written by,explicit,no change
362,NFL,Ryan Grenoble,is written by,explicit,no change
363,NFL,S.V. Date,is written by,explicit,no change
364,NFL,Sanjana Karanth,is written by,explicit,no change
365,NFL,Sara Boboltz,is written by,explicit,no change
366,NFL,Terry Spencer,is written by,explicit,no change
367,NFL,Zeke Miller,is written by,explicit,no change
368,NICHOLAS RICCARDI,POLITICS,covers,implicit,no change
369,Nadine White,POLITICS,covers,implicit,no change
370,Nathalie Baptiste,BUSINESS,covers,explicit,no change
371,Nathalie Baptiste,CRIME,covers,explicit,no change
372,Nathalie Baptiste,POLITICS,covers,explicit,no change
373,Nathalie Baptiste,SPORTS,covers,explicit,no change
374,Nicholas Riccardi,POLITICS,covers,implicit,no change
375,Nick Robins-Early,POLITICS,covers,implicit,no change
376,Nick Visser,BUSINESS,covers,explicit,no change
377,Nick Visser,CRIME,covers,explicit,no change
378,Nick Visser,POLITICS,covers,explicit,no change
379,Nick Visser,SPORTS,covers,explicit,no change
380,Nina Golgowski,BUSINESS,covers,explicit,no change
381,Nina Golgowski,CRIME,covers,explicit,no change
382,Nina Golgowski,POLITICS,covers,explicit,no change
383,Nina Golgowski,SPORTS,covers,explicit,no change
384,Nomaan Merchant,POLITICS,covers,implicit,no change
385,PAUL J. WEBER,POLITICS,covers,implicit,no change
386,PETER SMITH,POLITICS,covers,implicit,no change
387,Patrick Whittle,POLITICS,covers,implicit,no change
388,Paul Blumenthal,POLITICS,covers,implicit,no change
389,Paul J. Weber,POLITICS,covers,implicit,no change
390,Paul Newberry,SPORTS,covers,implicit,no change
391,Paul Wiseman,BUSINESS,covers,implicit,no change
392,Philip Lewis,POLITICS,covers,implicit,no change
393,Phillip Jackson,BUSINESS,covers,explicit,no change
394,Phillip Jackson,CRIME,covers,explicit,no change
395,Phillip Jackson,POLITICS,covers,explicit,no change
396,Phillip Jackson,SPORTS,covers,explicit,no change
397,ROB GILLIES,POLITICS,covers,implicit,no change
398,Reuters Staff,POLITICS,covers,implicit,no change
399,Ricardo Alonso-Zaldivar,POLITICS,covers,implicit,no change
400,Ron Dicker,BUSINESS,covers,explicit,no change
401,Ron Dicker,CRIME,covers,explicit,no change
402,Ron Dicker,POLITICS,covers,explicit,no change
403,Ron Dicker,SPORTS,covers,explicit,no change
404,Ronald Blum,SPORTS,covers,implicit,no change
405,Rowaida Abdelaziz,POLITICS,covers,implicit,no change
406,Russ Bynum,CRIME,covers,implicit,no change
407,Ryan Grenoble,BUSINESS,covers,explicit,no change
408,Ryan Grenoble,CRIME,covers,explicit,no change
409,Ryan Grenoble,POLITICS,covers,explicit,no change
410,Ryan Grenoble,SPORTS,covers,explicit,no change
411,Ryan J. Reilly,POLITICS,covers,implicit,no change
412,S.V. Date,BUSINESS,covers,explicit,no change
413,S.V. Date,CRIME,covers,explicit,no change
414,S.V. Date,POLITICS,covers,explicit,no change
415,S.V. Date,SPORTS,covers,explicit,no change
416,SARAH RANKIN,POLITICS,covers,implicit,no change
417,STAN CHOE,POLITICS,covers,implicit,no change
418,Sam Metz,POLITICS,covers,implicit,no change
419,Samantha Lachman,POLITICS,covers,implicit,no change
420,Sanjana Karanth,BUSINESS,covers,explicit,no change
421,Sanjana Karanth,CRIME,covers,explicit,no change
422,Sanjana Karanth,POLITICS,covers,explicit,no change
423,Sanjana Karanth,SPORTS,covers,explicit,no change
424,Sara Boboltz,BUSINESS,covers,explicit,no change
425,Sara Boboltz,CRIME,covers,explicit,no change
426,Sara Boboltz,POLITICS,covers,explicit,no change
427,Sara Boboltz,SPORTS,covers,explicit,no change
428,Sara Burnett,POLITICS,covers,implicit,no change
429,Sarah Ruiz-Grossman,POLITICS,covers,implicit,no change
430,Sean Murphy,POLITICS,covers,implicit,no change
431,Sebastian Murdock,CRIME,covers,implicit,no change
432,Sebastian Murdock,POLITICS,covers,implicit,no change
433,Stan Choe,BUSINESS,covers,implicit,no change
434,Stan Choe,POLITICS,covers,implicit,no change
435,Stephen Wade,SPORTS,covers,implicit,no change
436,Steve Gorman,POLITICS,covers,implicit,no change
437,Steve Peoples,POLITICS,covers,implicit,no change
438,TIM REYNOLDS,SPORTS,covers,implicit,no change
439,Tara Golshan,POLITICS,covers,implicit,no change
440,Terry Spencer,BUSINESS,covers,explicit,no change
441,Terry Spencer,CRIME,covers,explicit,no change
442,Terry Spencer,POLITICS,covers,explicit,addition
443,Terry Spencer,SPORTS,covers,explicit,no change
444,The Associated Press,POLITICS,covers,implicit,no change
445,The Associated Press,SPORTS,covers,implicit,no change
446,Tim Sullivan,POLITICS,covers,implicit,no change
447,Travis Waldron,POLITICS,covers,implicit,no change
448,Vanessa Gera,POLITICS,covers,implicit,no change
449,ZEKE MILLER,POLITICS,covers,implicit,no change
450,Zachary D. Carter,POLITICS,covers,implicit,no change
451,Zahara Hill,POLITICS,covers,implicit,no change
452,Zeke Miller,BUSINESS,covers,explicit,no change
453,Zeke Miller,CRIME,covers,explicit,no change
454,Zeke Miller,POLITICS,covers,explicit,no change
455,Zeke Miller,SPORTS,covers,explicit,no change
456,athletics,ACACIA CORONADO,is written by,explicit,no change
457,athletics,Alanna Vagianos,is written by,explicit,no change
458,athletics,Andy Campbell,is written by,explicit,no change
459,athletics,Arthur Delaney,is written by,explicit,no change
460,athletics,Associated Press,is written by,explicit,no change
461,athletics,Ben Blanchet,is written by,explicit,no change
462,athletics,Brian Slodysko,is written by,explicit,no change
463,athletics,CHRIS MEGERIAN,is written by,explicit,no change
464,athletics,Chris D'Angelo,is written by,explicit,no change
465,athletics,Daniel Marans,is written by,explicit,no change
466,athletics,Dave Jamieson,is written by,explicit,no change
467,athletics,David Moye,is written by,explicit,no change
468,athletics,EDDIE PELLS,is written by,implicit,no change
469,athletics,Ed Mazza,is written by,explicit,no change
470,athletics,Elyse Wanshel,is written by,explicit,no change
471,athletics,Eric Tucker,is written by,explicit,no change
472,athletics,FARNOUSH AMIRI,is written by,explicit,no change
473,athletics,HOWARD FENDRICH,is written by,explicit,no change
474,athletics,Hilary Hanson,is written by,explicit,no change
475,athletics,Howard Fendrich,is written by,explicit,no change
476,athletics,Igor Bobic,is written by,explicit,no change
477,athletics,JAKE SEINER,is written by,implicit,no change
478,athletics,Jennifer Bendery,is written by,explicit,no change
479,athletics,Jessica Schulberg,is written by,explicit,no change
480,athletics,Jill Colvin,is written by,explicit,no change
481,athletics,Jonathan Cohn,is written by,explicit,no change
482,athletics,Jonathan Nicholson,is written by,explicit,no change
483,athletics,Josephine Harvey,is written by,implicit,no change
484,athletics,Kate Brumback,is written by,explicit,no change
485,athletics,Kevin Robillard,is written by,explicit,no change
486,athletics,Kimberley Richards,is written by,implicit,no change
487,athletics,Lee Moran,is written by,implicit,no change
488,athletics,Liz Skalka,is written by,explicit,no change
489,athletics,Lydia O'Connor,is written by,explicit,no change
490,athletics,Marita Vlachou,is written by,explicit,no change
491,athletics,Mary Papenfuss,is written by,explicit,no change
492,athletics,Michael R. Sisak,is written by,explicit,no change
493,athletics,Nathalie Baptiste,is written by,explicit,no change
494,athletics,Nick Visser,is written by,explicit,no change
495,athletics,Nina Golgowski,is written by,explicit,no change
496,athletics,Paul Newberry,is written by,implicit,no change
497,athletics,Phillip Jackson,is written by,explicit,no change
498,athletics,Ron Dicker,is written by,explicit,no change
499,athletics,Ryan Grenoble,is written by,explicit,no change
500,athletics,S.V. Date,is written by,explicit,no change
501,athletics,Sanjana Karanth,is written by,explicit,no change
502,athletics,Sara Boboltz,is written by,explicit,no change
503,athletics,Stephen Wade,is written by,implicit,no change
504,athletics,TIM REYNOLDS,is written by,implicit,no change
505,athletics,Terry Spencer,is written by,explicit,no change
506,athletics,Zeke Miller,is written by,explicit,no change
507,attack,ACACIA CORONADO,is written by,explicit,no change
508,attack,Alanna Vagianos,is written by,explicit,no change
509,attack,Andy Campbell,is written by,explicit,no change
510,attack,Arthur Delaney,is written by,explicit,no change
511,attack,Associated Press,is written by,explicit,no change
512,attack,Ben Blanchet,is written by,explicit,no change
513,attack,Brian Slodysko,is written by,explicit,no change
514,attack,CHRIS MEGERIAN,is written by,explicit,no change
515,attack,Chris D'Angelo,is written by,explicit,no change
516,attack,Daniel Marans,is written by,explicit,no change
517,attack,Dave Jamieson,is written by,explicit,no change
518,attack,David Moye,is written by,explicit,no change
519,attack,Ed Mazza,is written by,explicit,no change
520,attack,Elyse Wanshel,is written by,explicit,no change
521,attack,Eric Tucker,is written by,explicit,no change
522,attack,FARNOUSH AMIRI,is written by,explicit,no change
523,attack,HOWARD FENDRICH,is written by,explicit,no change
524,attack,Hilary Hanson,is written by,explicit,no change
525,attack,Howard Fendrich,is written by,explicit,no change
526,attack,Igor Bobic,is written by,explicit,no change
527,attack,Jennifer Bendery,is written by,explicit,no change
528,attack,Jessica Schulberg,is written by,explicit,no change
529,attack,Jill Colvin,is written by,explicit,no change
530,attack,Jonathan Cohn,is written by,explicit,no change
531,attack,Jonathan Nicholson,is written by,explicit,no change
532,attack,Kate Brumback,is written by,explicit,no change
533,attack,Kevin Robillard,is written by,explicit,no change
534,attack,Kimberlee Kruesi,is written by,implicit,no change
535,attack,Liz Skalka,is written by,explicit,no change
536,attack,Lydia O'Connor,is written by,explicit,no change
537,attack,Marita Vlachou,is written by,explicit,no change
538,attack,Mary Papenfuss,is written by,explicit,no change
539,attack,Michael R. Sisak,is written by,explicit,no change
540,attack,Nathalie Baptiste,is written by,explicit,no change
541,attack,Nick Visser,is written by,explicit,no change
542,attack,Nina Golgowski,is written by,explicit,addition
543,attack,Phillip Jackson,is written by,explicit,no change
544,attack,Ron Dicker,is written by,explicit,no change
545,attack,Ryan Grenoble,is written by,explicit,no change
546,attack,S.V. Date,is written by,explicit,no change
547,attack,Sanjana Karanth,is written by,explicit,no change
548,attack,Sara Boboltz,is written by,explicit,no change
549,attack,Terry Spencer,is written by,explicit,no change
550,attack,Zeke Miller,is written by,explicit,no change
551,basketball,ACACIA CORONADO,is written by,explicit,no change
552,basketball,Alanna Vagianos,is written by,explicit,no change
553,basketball,Andy Campbell,is written by,explicit,no change
554,basketball,Arthur Delaney,is written by,explicit,no change
555,basketball,Associated Press,is written by,explicit,no change
556,basketball,Ben Blanchet,is written by,explicit,no change
557,basketball,Brian Slodysko,is written by,explicit,no change
558,basketball,CHRIS MEGERIAN,is written by,explicit,no change
559,basketball,Chris D'Angelo,is written by,explicit,no change
560,basketball,DOUG FEINBERG,is written by,implicit,no change
561,basketball,Daniel Marans,is written by,explicit,no change
562,basketball,Dave Jamieson,is written by,explicit,no change
563,basketball,David Moye,is written by,explicit,no change
564,basketball,Ed Mazza,is written by,explicit,no change
565,basketball,Elyse Wanshel,is written by,explicit,no change
566,basketball,Eric Tucker,is written by,explicit,no change
567,basketball,FARNOUSH AMIRI,is written by,explicit,no change
568,basketball,HOWARD FENDRICH,is written by,explicit,no change
569,basketball,Hilary Hanson,is written by,explicit,no change
570,basketball,Howard Fendrich,is written by,explicit,no change
571,basketball,Igor Bobic,is written by,explicit,no change
572,basketball,Jennifer Bendery,is written by,explicit,no change
573,basketball,Jessica Schulberg,is written by,explicit,no change
574,basketball,Jill Colvin,is written by,explicit,no change
575,basketball,Jonathan Cohn,is written by,explicit,no change
576,basketball,Jonathan Nicholson,is written by,explicit,no change
577,basketball,KYLE HIGHTOWER,is written by,implicit,no change
578,basketball,Kate Brumback,is written by,explicit,no change
579,basketball,Kevin Robillard,is written by,explicit,no change
580,basketball,Liz Skalka,is written by,explicit,no change
581,basketball,Lydia O'Connor,is written by,explicit,no change
582,basketball,Marita Vlachou,is written by,explicit,no change
583,basketball,Mary Papenfuss,is written by,explicit,no change
584,basketball,Michael R. Sisak,is written by,explicit,no change
585,basketball,Nathalie Baptiste,is written by,explicit,no change
586,basketball,Nick Visser,is written by,explicit,no change
587,basketball,Nina Golgowski,is written by,explicit,no change
588,basketball,Phillip Jackson,is written by,explicit,no change
589,basketball,Ron Dicker,is written by,explicit,no change
590,basketball,Ryan Grenoble,is written by,explicit,no change
591,basketball,S.V. Date,is written by,explicit,no change
592,basketball,Sanjana Karanth,is written by,explicit,no change
593,basketball,Sara Boboltz,is written by,explicit,no change
594,basketball,Terry Spencer,is written by,explicit,no change
595,basketball,Zeke Miller,is written by,explicit,no change
596,biden,ACACIA CORONADO,is written by,explicit,addition
597,biden,ANTHONY IZAGUIRRE,is written by,implicit,no change
598,biden,Akbar Shahid Ahmed,is written by,implicit,no change
599,biden,Alan Fram,is written by,implicit,no change
600,biden,Alanna Vagianos,is written by,explicit,no change
601,biden,Alexander C. Kaufman,is written by,implicit,no change
602,biden,Alexandra Jaffe,is written by,implicit,no change
603,biden,Amanda Terkel,is written by,implicit,no change
604,biden,Andy Campbell,is written by,explicit,no change
605,biden,Ariel Edwards-Levy,is written by,implicit,no change
606,biden,Arthur Delaney,is written by,explicit,no change
607,biden,Associated Press,is written by,explicit,no change
608,biden,Ben Blanchet,is written by,explicit,no change
609,biden,Bill Barrow,is written by,implicit,no change
610,biden,Brian Slodysko,is written by,explicit,no change
611,biden,CHRIS MEGERIAN,is written by,explicit,no change
612,biden,Cara Anna,is written by,implicit,no change
613,biden,Carol Kuruvilla,is written by,implicit,no change
614,biden,Chris D'Angelo,is written by,explicit,no change
615,biden,Christopher Mathias,is written by,implicit,no change
616,biden,Christopher Rugaber,is written by,implicit,no change
617,biden,Colleen Long,is written by,implicit,no change
618,biden,Collin Binkley,is written by,implicit,no change
619,biden,Curt Anderson,is written by,implicit,no change
620,biden,Curtis M. Wong,is written by,implicit,no change
621,biden,Daniel Marans,is written by,explicit,no change
622,biden,Dave Jamieson,is written by,explicit,no change
623,biden,David Bauder,is written by,implicit,no change
624,biden,David Crary,is written by,implicit,no change
625,biden,David Eggert,is written by,implicit,no change
626,biden,David Moye,is written by,explicit,no change
627,biden,Dominique Mosbergen,is written by,implicit,no change
628,biden,Ed Mazza,is written by,explicit,no change
629,biden,Edith M. Lederer,is written by,implicit,no change
630,biden,Ellen Knickmeyer,is written by,implicit,no change
631,biden,Elliot Spagat,is written by,implicit,no change
632,biden,Elyse Wanshel,is written by,explicit,no change
633,biden,Emily Peck,is written by,implicit,no change
634,biden,Eric Tucker,is written by,explicit,no change
635,biden,FARNOUSH AMIRI,is written by,explicit,addition
636,biden,Farnoush Amiri,is written by,implicit,no change
637,biden,HOWARD FENDRICH,is written by,explicit,no change
638,biden,Hayley Miller,is written by,implicit,no change
639,biden,Hilary Hanson,is written by,explicit,no change
640,biden,Howard Fendrich,is written by,explicit,no change
641,biden,Hugo Greenhalgh,is written by,implicit,no change
642,biden,Igor Bobic,is written by,explicit,no change
643,biden,JEFFREY COLLINS,is written by,implicit,no change
644,biden,Ja'han Jones,is written by,implicit,no change
645,biden,James LaPorta,is written by,implicit,no change
646,biden,Jeff Mason,is written by,implicit,no change
647,biden,Jenna Amatulli,is written by,implicit,no change
648,biden,Jennifer Bendery,is written by,explicit,no change
649,biden,Jeremy Blum,is written by,implicit,no change
650,biden,Jessica Gresko,is written by,implicit,no change
651,biden,Jessica Schulberg,is written by,explicit,no change
652,biden,Jill Colvin,is written by,explicit,no change
653,biden,Jonathan Cohn,is written by,explicit,no change
654,biden,Jonathan Lemire,is written by,implicit,no change
655,biden,Jonathan Nicholson,is written by,explicit,no change
656,biden,Josephine Harvey,is written by,implicit,no change
657,biden,Kate Brumback,is written by,explicit,no change
658,biden,Kevin Robillard,is written by,explicit,no change
659,biden,Kimberley Richards,is written by,implicit,no change
660,biden,LOLITA C. BALDOR,is written by,implicit,no change
661,biden,Laurie Kellman,is written by,implicit,no change
662,biden,Lee Moran,is written by,implicit,no change
663,biden,Lisa Mascaro,is written by,implicit,no change
664,biden,Liz Skalka,is written by,explicit,no change
665,biden,Liza Hearon,is written by,implicit,no change
666,biden,Lydia O'Connor,is written by,explicit,no change
667,biden,Marina Villenueve,is written by,implicit,no change
668,biden,Marita Vlachou,is written by,explicit,no change
669,biden,Mary Papenfuss,is written by,explicit,no change
670,biden,Matt Fuller,is written by,implicit,no change
671,biden,Matt O'Brien,is written by,implicit,no change
672,biden,Matthew Daly,is written by,implicit,no change
673,biden,Matthew Lee,is written by,implicit,no change
674,biden,Mead Gruver,is written by,implicit,no change
675,biden,Michael Hobbes,is written by,implicit,no change
676,biden,Michael R. Sisak,is written by,explicit,no change
677,biden,Michelle L. Price,is written by,implicit,no change
678,biden,Mike Schneider,is written by,implicit,no change
679,biden,Molly Redden,is written by,implicit,no change
680,biden,Nadine White,is written by,implicit,no change
681,biden,Nathalie Baptiste,is written by,explicit,no change
682,biden,Nick Visser,is written by,explicit,no change
683,biden,Nina Golgowski,is written by,explicit,no change
684,biden,Nomaan Merchant,is written by,implicit,no change
685,biden,Patrick Whittle,is written by,implicit,no change
686,biden,Philip Lewis,is written by,implicit,no change
687,biden,Phillip Jackson,is written by,explicit,no change
688,biden,Reuters Staff,is written by,implicit,no change
689,biden,Ricardo Alonso-Zaldivar,is written by,implicit,no change
690,biden,Ron Dicker,is written by,explicit,no change
691,biden,Rowaida Abdelaziz,is written by,implicit,no change
692,biden,Ryan Grenoble,is written by,explicit,no change
693,biden,Ryan J. Reilly,is written by,implicit,no change
694,biden,S.V. Date,is written by,explicit,no change
695,biden,STAN CHOE,is written by,implicit,no change
696,biden,Sanjana Karanth,is written by,explicit,no change
697,biden,Sara Boboltz,is written by,explicit,no change
698,biden,Sarah Ruiz-Grossman,is written by,implicit,no change
699,biden,Sebastian Murdock,is written by,implicit,no change
700,biden,Stan Choe,is written by,implicit,no change
701,biden,Tara Golshan,is written by,implicit,no change
702,biden,Terry Spencer,is written by,explicit,no change
703,biden,Tim Sullivan,is written by,implicit,no change
704,biden,ZEKE MILLER,is written by,implicit,no change
705,biden,Zachary D. Carter,is written by,implicit,no change
706,biden,Zeke Miller,is written by,explicit,addition
707,capitol,ACACIA CORONADO,is written by,explicit,no change
708,capitol,Alanna Vagianos,is written by,explicit,no change
709,capitol,Andy Campbell,is written by,explicit,no change
710,capitol,Arthur Delaney,is written by,explicit,no change
711,capitol,Associated Press,is written by,explicit,no change
712,capitol,Ben Blanchet,is written by,explicit,no change
713,capitol,Brian Slodysko,is written by,explicit,no change
714,capitol,CHRIS MEGERIAN,is written by,explicit,no change
715,capitol,Chris D'Angelo,is written by,explicit,no change
716,capitol,Daniel Marans,is written by,explicit,no change
717,capitol,Dave Jamieson,is written by,explicit,no change
718,capitol,David Moye,is written by,explicit,no change
719,capitol,Dominique Mosbergen,is written by,implicit,no change
720,capitol,Ed Mazza,is written by,explicit,no change
721,capitol,Elyse Wanshel,is written by,explicit,no change
722,capitol,Emily Peck,is written by,implicit,no change
723,capitol,Eric Tucker,is written by,explicit,no change
724,capitol,FARNOUSH AMIRI,is written by,explicit,no change
725,capitol,HOWARD FENDRICH,is written by,explicit,no change
726,capitol,Hayley Miller,is written by,implicit,no change
727,capitol,Hilary Hanson,is written by,explicit,no change
728,capitol,Howard Fendrich,is written by,explicit,no change
729,capitol,HuffPost Editors,is written by,implicit,no change
730,capitol,Igor Bobic,is written by,explicit,no change
731,capitol,Jennifer Bendery,is written by,explicit,no change
732,capitol,Jeremy Blum,is written by,implicit,no change
733,capitol,Jessica Schulberg,is written by,explicit,no change
734,capitol,Jill Colvin,is written by,explicit,no change
735,capitol,Jonathan Cohn,is written by,explicit,no change
736,capitol,Jonathan Nicholson,is written by,explicit,no change
737,capitol,Josephine Harvey,is written by,implicit,no change
738,capitol,Kate Brumback,is written by,explicit,no change
739,capitol,Kevin Robillard,is written by,explicit,no change
740,capitol,Lee Moran,is written by,implicit,no change
741,capitol,Liz Skalka,is written by,explicit,no change
742,capitol,Lydia O'Connor,is written by,explicit,no change
743,capitol,MARY CLARE JALONICK,is written by,implicit,no change
744,capitol,Marita Vlachou,is written by,explicit,no change
745,capitol,Mary Clare Jalonick,is written by,implicit,no change
746,capitol,Mary Papenfuss,is written by,explicit,no change
747,capitol,Michael Balsamo,is written by,implicit,no change
748,capitol,Michael R. Sisak,is written by,explicit,no change
749,capitol,Nathalie Baptiste,is written by,explicit,no change
750,capitol,Nick Visser,is written by,explicit,no change
751,capitol,Nina Golgowski,is written by,explicit,no change
752,capitol,Paul Blumenthal,is written by,implicit,no change
753,capitol,Phillip Jackson,is written by,explicit,no change
754,capitol,Ron Dicker,is written by,explicit,no change
755,capitol,Ryan Grenoble,is written by,explicit,addition
756,capitol,Ryan J. Reilly,is written by,implicit,no change
757,capitol,S.V. Date,is written by,explicit,no change
758,capitol,Sanjana Karanth,is written by,explicit,no change
759,capitol,Sara Boboltz,is written by,explicit,no change
760,capitol,Sebastian Murdock,is written by,implicit,no change
761,capitol,Terry Spencer,is written by,explicit,no change
762,capitol,Zeke Miller,is written by,explicit,no change
763,charged,ACACIA CORONADO,is written by,explicit,no change
764,charged,Alanna Durkin R,is written by,implicit,no change
765,charged,Alanna Vagianos,is written by,explicit,no change
766,charged,Andy Campbell,is written by,explicit,no change
767,charged,Arthur Delaney,is written by,explicit,no change
768,charged,Associated Press,is written by,explicit,no change
769,charged,BRIAN MELLEY,is written by,implicit,no change
770,charged,Ben Blanchet,is written by,explicit,no change
771,charged,Brian Slodysko,is written by,explicit,no change
772,charged,CHRIS MEGERIAN,is written by,explicit,no change
773,charged,Chris D'Angelo,is written by,explicit,no change
774,charged,Daniel Marans,is written by,explicit,no change
775,charged,Dave Jamieson,is written by,explicit,no change
776,charged,David Moye,is written by,explicit,no change
777,charged,Ed Mazza,is written by,explicit,no change
778,charged,Elliot Spagat,is written by,implicit,no change
779,charged,Elyse Wanshel,is written by,explicit,addition
780,charged,Eric Tucker,is written by,explicit,no change
781,charged,FARNOUSH AMIRI,is written by,explicit,no change
782,charged,HOWARD FENDRICH,is written by,explicit,no change
783,charged,Hayley Miller,is written by,implicit,no change
784,charged,Hilary Hanson,is written by,explicit,no change
785,charged,Howard Fendrich,is written by,explicit,no change
786,charged,Igor Bobic,is written by,explicit,no change
787,charged,Jennifer Bendery,is written by,explicit,no change
788,charged,Jessica Schulberg,is written by,explicit,no change
789,charged,Jill Colvin,is written by,explicit,no change
790,charged,Jonathan Cohn,is written by,explicit,no change
791,charged,Jonathan Nicholson,is written by,explicit,no change
792,charged,Kate Brumback,is written by,explicit,no change
793,charged,Ken Ritter,is written by,implicit,no change
794,charged,Kevin Robillard,is written by,explicit,no change
795,charged,LARRY NEUMEISTER,is written by,implicit,no change
796,charged,Larry Neumeister,is written by,implicit,no change
797,charged,Liz Skalka,is written by,explicit,no change
798,charged,Lydia O'Connor,is written by,explicit,no change
799,charged,MOGOMOTSI MAGOME,is written by,implicit,no change
800,charged,Marita Vlachou,is written by,explicit,no change
801,charged,Mary Papenfuss,is written by,explicit,no change
802,charged,Maryclaire Dale,is written by,implicit,no change
803,charged,Michael Liedtke,is written by,implicit,no change
804,charged,Michael R. Sisak,is written by,explicit,no change
805,charged,Nathalie Baptiste,is written by,explicit,no change
806,charged,Nick Visser,is written by,explicit,no change
807,charged,Nina Golgowski,is written by,explicit,no change
808,charged,Phillip Jackson,is written by,explicit,no change
809,charged,Ron Dicker,is written by,explicit,no change
810,charged,Russ Bynum,is written by,implicit,no change
811,charged,Ryan Grenoble,is written by,explicit,no change
812,charged,S.V. Date,is written by,explicit,no change
813,charged,Sanjana Karanth,is written by,explicit,no change
814,charged,Sara Boboltz,is written by,explicit,no change
815,charged,Terry Spencer,is written by,explicit,no change
816,charged,Zeke Miller,is written by,explicit,no change
817,court,ACACIA CORONADO,is written by,explicit,no change
818,court,Aakriti Bhalla,is written by,implicit,no change
819,court,Alanna Vagianos,is written by,explicit,no change
820,court,Alexander C. Kaufman,is written by,implicit,no change
821,court,Andrew Welsh-Huggins,is written by,implicit,no change
822,court,Andy Campbell,is written by,explicit,no change
823,court,Arthur Delaney,is written by,explicit,no change
824,court,Associated Press,is written by,explicit,addition
825,court,Ben Blanchet,is written by,explicit,no change
826,court,Brian Slodysko,is written by,explicit,no change
827,court,By Mark Sherman,is written by,implicit,no change
828,court,CHRIS MEGERIAN,is written by,explicit,no change
829,court,Chris D'Angelo,is written by,explicit,no change
830,court,Colleen Long,is written by,implicit,no change
831,court,Curt Anderson,is written by,implicit,no change
832,court,Daniel Marans,is written by,explicit,no change
833,court,Dave Jamieson,is written by,explicit,no change
834,court,David Morgan,is written by,implicit,no change
835,court,David Moye,is written by,explicit,no change
836,court,Dominique Mosbergen,is written by,implicit,no change
837,court,Don Thompson,is written by,implicit,no change
838,court,Ed Mazza,is written by,explicit,no change
839,court,Elise Foley,is written by,implicit,no change
840,court,Ellen Knickmeyer,is written by,implicit,no change
841,court,Elyse Wanshel,is written by,explicit,no change
842,court,Eric Tucker,is written by,explicit,no change
843,court,FARNOUSH AMIRI,is written by,explicit,no change
844,court,HOWARD FENDRICH,is written by,explicit,no change
845,court,Hilary Hanson,is written by,explicit,no change
846,court,Howard Fendrich,is written by,explicit,no change
847,court,Igor Bobic,is written by,explicit,no change
848,court,Jennifer Bendery,is written by,explicit,no change
849,court,Jessica Gresko,is written by,implicit,no change
850,court,Jessica Schulberg,is written by,explicit,no change
851,court,Jill Colvin,is written by,explicit,no change
852,court,Jonathan Cohn,is written by,explicit,no change
853,court,Jonathan Nicholson,is written by,explicit,no change
854,court,Kate Brumback,is written by,explicit,addition
855,court,Kevin Robillard,is written by,explicit,no change
856,court,Lawrence Hurley,is written by,implicit,no change
857,court,Lee Moran,is written by,implicit,no change
858,court,Liz Skalka,is written by,explicit,no change
859,court,Lydia O'Connor,is written by,explicit,no change
860,court,MARK SHERMAN,is written by,implicit,no change
861,court,Marita Vlachou,is written by,explicit,no change
862,court,Mark Sherman,is written by,implicit,no change
863,court,Mary Papenfuss,is written by,explicit,no change
864,court,Melissa Jeltsen,is written by,implicit,no change
865,court,Michael Kunzelman,is written by,implicit,no change
866,court,Michael R. Sisak,is written by,explicit,no change
867,court,Nathalie Baptiste,is written by,explicit,no change
868,court,Nick Visser,is written by,explicit,no change
869,court,Nina Golgowski,is written by,explicit,no change
870,court,Paul Blumenthal,is written by,implicit,no change
871,court,Paul J. Weber,is written by,implicit,no change
872,court,Phillip Jackson,is written by,explicit,no change
873,court,Ron Dicker,is written by,explicit,no change
874,court,Ryan Grenoble,is written by,explicit,no change
875,court,Ryan J. Reilly,is written by,implicit,no change
876,court,S.V. Date,is written by,explicit,no change
877,court,Sanjana Karanth,is written by,explicit,no change
878,court,Sara Boboltz,is written by,explicit,no change
879,court,Sarah Ruiz-Grossman,is written by,implicit,no change
880,court,Sebastian Murdock,is written by,implicit,no change
881,court,Terry Spencer,is written by,explicit,no change
882,court,Zeke Miller,is written by,explicit,no change
883,democrats,ACACIA CORONADO,is written by,explicit,no change
884,democrats,Acacia Coronado,is written by,implicit,no change
885,democrats,Akbar Shahid Ahmed,is written by,implicit,no change
886,democrats,Alan Fram,is written by,implicit,no change
887,democrats,Alanna Vagianos,is written by,explicit,no change
888,democrats,Alexander C. Kaufman,is written by,implicit,no change
889,democrats,Andy Campbell,is written by,explicit,no change
890,democrats,Arthur Delaney,is written by,explicit,addition
891,democrats,Associated Press,is written by,explicit,no change
892,democrats,Ben Blanchet,is written by,explicit,no change
893,democrats,Brian Slodysko,is written by,explicit,no change
894,democrats,CHRIS MEGERIAN,is written by,explicit,no change
895,democrats,CHRISTOPHER RUGABER,is written by,implicit,no change
896,democrats,Caroline Spiezio,is written by,implicit,no change
897,democrats,Chris D'Angelo,is written by,explicit,no change
898,democrats,Daniel Marans,is written by,explicit,no change
899,democrats,Dave Jamieson,is written by,explicit,no change
900,democrats,David Moye,is written by,explicit,no change
901,democrats,Ed Mazza,is written by,explicit,no change
902,democrats,Elliot Spagat,is written by,implicit,no change
903,democrats,Elyse Wanshel,is written by,explicit,no change
904,democrats,Eric Tucker,is written by,explicit,no change
905,democrats,FARNOUSH AMIRI,is written by,explicit,no change
906,democrats,George Zornick,is written by,implicit,no change
907,democrats,HOWARD FENDRICH,is written by,explicit,no change
908,democrats,Hilary Hanson,is written by,explicit,no change
909,democrats,Howard Fendrich,is written by,explicit,no change
910,democrats,Igor Bobic,is written by,explicit,no change
911,democrats,Jennifer Bendery,is written by,explicit,no change
912,democrats,Jeremy Blum,is written by,implicit,no change
913,democrats,Jessica Schulberg,is written by,explicit,no change
914,democrats,Jill Colvin,is written by,explicit,no change
915,democrats,Jonathan Cohn,is written by,explicit,no change
916,democrats,Jonathan Nicholson,is written by,explicit,addition
917,democrats,Joseph Ax,is written by,implicit,no change
918,democrats,Josephine Harvey,is written by,implicit,no change
919,democrats,Josh Boak,is written by,implicit,no change
920,democrats,Kate Brumback,is written by,explicit,no change
921,democrats,Kevin Robillard,is written by,explicit,no change
922,democrats,LISA RATHKE,is written by,implicit,no change
923,democrats,Lee Moran,is written by,implicit,no change
924,democrats,Lisa Mascaro,is written by,implicit,no change
925,democrats,Liz Skalka,is written by,explicit,no change
926,democrats,Lydia O'Connor,is written by,explicit,no change
927,democrats,MARY CLARE JALONICK,is written by,implicit,no change
928,democrats,Marita Vlachou,is written by,explicit,addition
929,democrats,Mary Clare Jalonick,is written by,implicit,no change
930,democrats,Mary Papenfuss,is written by,explicit,no change
931,democrats,Michael R. Sisak,is written by,explicit,no change
932,democrats,Nathalie Baptiste,is written by,explicit,no change
933,democrats,Nicholas Riccardi,is written by,implicit,no change
934,democrats,Nick Visser,is written by,explicit,no change
935,democrats,Nina Golgowski,is written by,explicit,no change
936,democrats,Paul Blumenthal,is written by,implicit,no change
937,democrats,Phillip Jackson,is written by,explicit,no change
938,democrats,Ron Dicker,is written by,explicit,no change
939,democrats,Ryan Grenoble,is written by,explicit,no change
940,democrats,Ryan J. Reilly,is written by,implicit,no change
941,democrats,S.V. Date,is written by,explicit,no change
942,democrats,Sanjana Karanth,is written by,explicit,no change
943,democrats,Sara Boboltz,is written by,explicit,no change
944,democrats,Sarah Ruiz-Grossman,is written by,implicit,no change
945,democrats,Tara Golshan,is written by,implicit,no change
946,democrats,Terry Spencer,is written by,explicit,no change
947,democrats,Travis Waldron,is written by,implicit,no change
948,democrats,ZEKE MILLER,is written by,implicit,no change
949,democrats,Zeke Miller,is written by,explicit,no change
950,donald,ACACIA CORONADO,is written by,explicit,no change
951,donald,Alanna Vagianos,is written by,explicit,no change
952,donald,Andy Campbell,is written by,explicit,no change
953,donald,Arthur Delaney,is written by,explicit,no change
954,donald,Associated Press,is written by,explicit,no change
955,donald,Ben Blanchet,is written by,explicit,no change
956,donald,Brian Slodysko,is written by,explicit,no change
957,donald,CHRIS MEGERIAN,is written by,explicit,no change
958,donald,Chris D'Angelo,is written by,explicit,no change
959,donald,Daniel Marans,is written by,explicit,no change
960,donald,Dave Jamieson,is written by,explicit,no change
961,donald,David Moye,is written by,explicit,no change
962,donald,Ed Mazza,is written by,explicit,no change
963,donald,Elyse Wanshel,is written by,explicit,no change
964,donald,Eric Tucker,is written by,explicit,no change
965,donald,FARNOUSH AMIRI,is written by,explicit,no change
966,donald,HOWARD FENDRICH,is written by,explicit,no change
967,donald,Hilary Hanson,is written by,explicit,no change
968,donald,Howard Fendrich,is written by,explicit,no change
969,donald,Igor Bobic,is written by,explicit,no change
970,donald,Jennifer Bendery,is written by,explicit,no change
971,donald,Jessica Schulberg,is written by,explicit,no change
972,donald,Jill Colvin,is written by,explicit,no change
973,donald,Jonathan Cohn,is written by,explicit,no change
974,donald,Jonathan Nicholson,is written by,explicit,no change
975,donald,Kate Brumback,is written by,explicit,no change
976,donald,Kevin Robillard,is written by,explicit,no change
977,donald,Lee Moran,is written by,implicit,no change
978,donald,Liz Skalka,is written by,explicit,no change
979,donald,Lydia O'Connor,is written by,explicit,no change
980,donald,Marita Vlachou,is written by,explicit,no change
981,donald,Mary Papenfuss,is written by,explicit,no change
982,donald,Michael R. Sisak,is written by,explicit,no change
983,donald,Nathalie Baptiste,is written by,explicit,no change
984,donald,Nick Visser,is written by,explicit,no change
985,donald,Nina Golgowski,is written by,explicit,no change
986,donald,Phillip Jackson,is written by,explicit,no change
987,donald,Ron Dicker,is written by,explicit,no change
988,donald,Ryan Grenoble,is written by,explicit,no change
989,donald,S.V. Date,is written by,explicit,no change
990,donald,Sanjana Karanth,is written by,explicit,no change
991,donald,Sara Boboltz,is written by,explicit,no change
992,donald,Terry Spencer,is written by,explicit,no change
993,donald,Zeke Miller,is written by,explicit,no change
994,economy,ACACIA CORONADO,is written by,explicit,no change
995,economy,Alanna Vagianos,is written by,explicit,no change
996,economy,Andy Campbell,is written by,explicit,no change
997,economy,Arthur Delaney,is written by,explicit,no change
998,economy,Associated Press,is written by,explicit,no change
999,economy,Ben Blanchet,is written by,explicit,no change
1000,economy,Brian Slodysko,is written by,explicit,no change
1001,economy,CHRIS MEGERIAN,is written by,explicit,no change
1002,economy,Chris D'Angelo,is written by,explicit,no change
1003,economy,Christopher Rugaber,is written by,implicit,no change
1004,economy,Daniel Marans,is written by,explicit,no change
1005,economy,Dave Jamieson,is written by,explicit,no change
1006,economy,David Moye,is written by,explicit,no change
1007,economy,Ed Mazza,is written by,explicit,no change
1008,economy,Elyse Wanshel,is written by,explicit,no change
1009,economy,Eric Tucker,is written by,explicit,no change
1010,economy,FARNOUSH AMIRI,is written by,explicit,no change
1011,economy,HOWARD FENDRICH,is written by,explicit,no change
1012,economy,Hilary Hanson,is written by,explicit,no change
1013,economy,Howard Fendrich,is written by,explicit,no change
1014,economy,Igor Bobic,is written by,explicit,no change
1015,economy,Jennifer Bendery,is written by,explicit,no change
1016,economy,Jessica Schulberg,is written by,explicit,no change
1017,economy,Jill Colvin,is written by,explicit,no change
1018,economy,Jonathan Cohn,is written by,explicit,no change
1019,economy,Jonathan Nicholson,is written by,explicit,no change
1020,economy,Kate Brumback,is written by,explicit,no change
1021,economy,Kevin Robillard,is written by,explicit,no change
1022,economy,Liz Skalka,is written by,explicit,no change
1023,economy,Lydia O'Connor,is written by,explicit,no change
1024,economy,Marita Vlachou,is written by,explicit,no change
1025,economy,Mary Papenfuss,is written by,explicit,no change
1026,economy,Michael R. Sisak,is written by,explicit,no change
1027,economy,Nathalie Baptiste,is written by,explicit,no change
1028,economy,Nick Visser,is written by,explicit,no change
1029,economy,Nina Golgowski,is written by,explicit,no change
1030,economy,Paul Wiseman,is written by,implicit,no change
1031,economy,Phillip Jackson,is written by,explicit,no change
1032,economy,Ron Dicker,is written by,explicit,no change
1033,economy,Ryan Grenoble,is written by,explicit,no change
1034,economy,S.V. Date,is written by,explicit,no change
1035,economy,Sanjana Karanth,is written by,explicit,no change
1036,economy,Sara Boboltz,is written by,explicit,no change
1037,economy,Terry Spencer,is written by,explicit,no change
1038,economy,Zeke Miller,is written by,explicit,no change
1039,election,ACACIA CORONADO,is written by,explicit,no change
1040,election,Alanna Vagianos,is written by,explicit,no change
1041,election,Amanda Terkel,is written by,implicit,no change
1042,election,Andy Campbell,is written by,explicit,no change
1043,election,Angela Moore,is written by,implicit,no change
1044,election,Arthur Delaney,is written by,explicit,no change
1045,election,Associated Press,is written by,explicit,no change
1046,election,Ben Blanchet,is written by,explicit,no change
1047,election,Brian Slodysko,is written by,explicit,addition
1048,election,CHRIS MEGERIAN,is written by,explicit,no change
1049,election,Carol Kuruvilla,is written by,implicit,no change
1050,election,Chris D'Angelo,is written by,explicit,no change
1051,election,Curtis M. Wong,is written by,implicit,no change
1052,election,Daniel Marans,is written by,explicit,no change
1053,election,Dave Jamieson,is written by,explicit,no change
1054,election,David Moye,is written by,explicit,no change
1055,election,Ed Mazza,is written by,explicit,no change
1056,election,Elyse Wanshel,is written by,explicit,no change
1057,election,Eric Tucker,is written by,explicit,no change
1058,election,FARNOUSH AMIRI,is written by,explicit,no change
1059,election,HOWARD FENDRICH,is written by,explicit,no change
1060,election,Hayley Miller,is written by,implicit,no change
1061,election,Hilary Hanson,is written by,explicit,no change
1062,election,Howard Fendrich,is written by,explicit,no change
1063,election,HuffPost Staff,is written by,implicit,no change
1064,election,Igor Bobic,is written by,explicit,no change
1065,election,JILL COLVIN,is written by,implicit,no change
1066,election,Jarrett Renshaw,is written by,implicit,no change
1067,election,Jennifer Bendery,is written by,explicit,no change
1068,election,Jessica Schulberg,is written by,explicit,no change
1069,election,Jill Colvin,is written by,explicit,no change
1070,election,Jonathan Cohn,is written by,explicit,no change
1071,election,Jonathan Nicholson,is written by,explicit,addition
1072,election,Josephine Harvey,is written by,implicit,no change
1073,election,Julie Carr Smyth,is written by,implicit,no change
1074,election,Karen Matthews,is written by,implicit,no change
1075,election,Kate Brumback,is written by,explicit,no change
1076,election,Kevin Robillard,is written by,explicit,no change
1077,election,Lee Moran,is written by,implicit,no change
1078,election,Liz Skalka,is written by,explicit,addition
1079,election,Luke O'Brien,is written by,implicit,no change
1080,election,Lydia O'Connor,is written by,explicit,no change
1081,election,Marita Vlachou,is written by,explicit,no change
1082,election,Mary Papenfuss,is written by,explicit,no change
1083,election,Michael R. Sisak,is written by,explicit,no change
1084,election,Nathalie Baptiste,is written by,explicit,addition
1085,election,Nick Robins-Early,is written by,implicit,no change
1086,election,Nick Visser,is written by,explicit,no change
1087,election,Nina Golgowski,is written by,explicit,no change
1088,election,PAUL J. WEBER,is written by,implicit,no change
1089,election,Paul Blumenthal,is written by,implicit,no change
1090,election,Phillip Jackson,is written by,explicit,no change
1091,election,Ron Dicker,is written by,explicit,no change
1092,election,Ryan Grenoble,is written by,explicit,no change
1093,election,S.V. Date,is written by,explicit,no change
1094,election,Sanjana Karanth,is written by,explicit,no change
1095,election,Sara Boboltz,is written by,explicit,no change
1096,election,Sarah Ruiz-Grossman,is written by,implicit,no change
1097,election,Tara Golshan,is written by,implicit,no change
1098,election,Terry Spencer,is written by,explicit,no change
1099,election,Travis Waldron,is written by,implicit,no change
1100,election,Zahara Hill,is written by,implicit,no change
1101,election,Zeke Miller,is written by,explicit,no change
1102,football,ACACIA CORONADO,is written by,explicit,no change
1103,football,Alanna Vagianos,is written by,explicit,no change
1104,football,Andy Campbell,is written by,explicit,no change
1105,football,Arthur Delaney,is written by,explicit,no change
1106,football,Associated Press,is written by,explicit,no change
1107,football,Ben Blanchet,is written by,explicit,no change
1108,football,Brian Slodysko,is written by,explicit,no change
1109,football,CHRIS MEGERIAN,is written by,explicit,no change
1110,football,Charles Odum,is written by,implicit,no change
1111,football,Chris D'Angelo,is written by,explicit,no change
1112,football,Daniel Marans,is written by,explicit,no change
1113,football,Dave Jamieson,is written by,explicit,no change
1114,football,David Moye,is written by,explicit,no change
1115,football,Ed Mazza,is written by,explicit,no change
1116,football,Elyse Wanshel,is written by,explicit,no change
1117,football,Eric Tucker,is written by,explicit,no change
1118,football,FARNOUSH AMIRI,is written by,explicit,no change
1119,football,Frank Schwab,is written by,implicit,no change
1120,football,HOWARD FENDRICH,is written by,explicit,no change
1121,football,Hilary Hanson,is written by,explicit,no change
1122,football,Howard Fendrich,is written by,explicit,no change
1123,football,Igor Bobic,is written by,explicit,no change
1124,football,JILL LAWLESS,is written by,implicit,no change
1125,football,Jennifer Bendery,is written by,explicit,no change
1126,football,Jessica Schulberg,is written by,explicit,no change
1127,football,Jill Colvin,is written by,explicit,no change
1128,football,Jonathan Cohn,is written by,explicit,no change
1129,football,Jonathan Nicholson,is written by,explicit,no change
1130,football,Kate Brumback,is written by,explicit,no change
1131,football,Kevin Robillard,is written by,explicit,no change
1132,football,Liz Skalka,is written by,explicit,no change
1133,football,Lydia O'Connor,is written by,explicit,no change
1134,football,Marita Vlachou,is written by,explicit,no change
1135,football,Mary Papenfuss,is written by,explicit,no change
1136,football,Michael R. Sisak,is written by,explicit,no change
1137,football,Nathalie Baptiste,is written by,explicit,no change
1138,football,Nick Visser,is written by,explicit,no change
1139,football,Nina Golgowski,is written by,explicit,no change
1140,football,Phillip Jackson,is written by,explicit,no change
1141,football,Ron Dicker,is written by,explicit,no change
1142,football,Ryan Grenoble,is written by,explicit,no change
1143,football,S.V. Date,is written by,explicit,no change
1144,football,Sanjana Karanth,is written by,explicit,no change
1145,football,Sara Boboltz,is written by,explicit,no change
1146,football,Terry Spencer,is written by,explicit,no change
1147,football,Zeke Miller,is written by,explicit,no change
1148,golf,ACACIA CORONADO,is written by,explicit,no change
1149,golf,Alanna Vagianos,is written by,explicit,no change
1150,golf,Andy Campbell,is written by,explicit,no change
1151,golf,Arthur Delaney,is written by,explicit,no change
1152,golf,Associated Press,is written by,explicit,no change
1153,golf,Ben Blanchet,is written by,explicit,no change
1154,golf,Brian Slodysko,is written by,explicit,no change
1155,golf,CHRIS MEGERIAN,is written by,explicit,no change
1156,golf,Chris D'Angelo,is written by,explicit,no change
1157,golf,Daniel Marans,is written by,explicit,no change
1158,golf,Dave Jamieson,is written by,explicit,no change
1159,golf,David Moye,is written by,explicit,no change
1160,golf,Ed Mazza,is written by,explicit,no change
1161,golf,Elyse Wanshel,is written by,explicit,no change
1162,golf,Eric Tucker,is written by,explicit,no change
1163,golf,FARNOUSH AMIRI,is written by,explicit,no change
1164,golf,HOWARD FENDRICH,is written by,explicit,no change
1165,golf,Hilary Hanson,is written by,explicit,no change
1166,golf,Howard Fendrich,is written by,explicit,no change
1167,golf,Igor Bobic,is written by,explicit,no change
1168,golf,Jennifer Bendery,is written by,explicit,no change
1169,golf,Jessica Schulberg,is written by,explicit,no change
1170,golf,Jill Colvin,is written by,explicit,no change
1171,golf,Jonathan Cohn,is written by,explicit,no change
1172,golf,Jonathan Nicholson,is written by,explicit,no change
1173,golf,Kate Brumback,is written by,explicit,no change
1174,golf,Kevin Robillard,is written by,explicit,no change
1175,golf,Lee Moran,is written by,implicit,no change
1176,golf,Liz Skalka,is written by,explicit,no change
1177,golf,Lydia O'Connor,is written by,explicit,no change
1178,golf,Marita Vlachou,is written by,explicit,no change
1179,golf,Mary Papenfuss,is written by,explicit,no change
1180,golf,Michael R. Sisak,is written by,explicit,no change
1181,golf,Nathalie Baptiste,is written by,explicit,no change
1182,golf,Nick Visser,is written by,explicit,no change
1183,golf,Nina Golgowski,is written by,explicit,no change
1184,golf,Phillip Jackson,is written by,explicit,no change
1185,golf,Ron Dicker,is written by,explicit,no change
1186,golf,Ryan Grenoble,is written by,explicit,no change
1187,golf,S.V. Date,is written by,explicit,no change
1188,golf,Sanjana Karanth,is written by,explicit,no change
1189,golf,Sara Boboltz,is written by,explicit,no change
1190,golf,Terry Spencer,is written by,explicit,no change
1191,golf,Zeke Miller,is written by,explicit,no change
1192,police,ACACIA CORONADO,is written by,explicit,no change
1193,police,Alanna Vagianos,is written by,explicit,no change
1194,police,Andy Campbell,is written by,explicit,no change
1195,police,Arthur Delaney,is written by,explicit,no change
1196,police,Associated Press,is written by,explicit,no change
1197,police,Ben Blanchet,is written by,explicit,no change
1198,police,Brian Slodysko,is written by,explicit,no change
1199,police,CHRIS MEGERIAN,is written by,explicit,no change
1200,police,Chris D'Angelo,is written by,explicit,no change
1201,police,Daniel Marans,is written by,explicit,no change
1202,police,Dave Jamieson,is written by,explicit,no change
1203,police,David Moye,is written by,explicit,no change
1204,police,Ed Mazza,is written by,explicit,no change
1205,police,Elyse Wanshel,is written by,explicit,no change
1206,police,Eric Tucker,is written by,explicit,no change
1207,police,FARNOUSH AMIRI,is written by,explicit,no change
1208,police,HOWARD FENDRICH,is written by,explicit,no change
1209,police,Hilary Hanson,is written by,explicit,no change
1210,police,Howard Fendrich,is written by,explicit,no change
1211,police,Igor Bobic,is written by,explicit,no change
1212,police,Jennifer Bendery,is written by,explicit,no change
1213,police,Jessica Schulberg,is written by,explicit,no change
1214,police,Jill Colvin,is written by,explicit,no change
1215,police,Jonathan Cohn,is written by,explicit,no change
1216,police,Jonathan Nicholson,is written by,explicit,no change
1217,police,Kate Brumback,is written by,explicit,no change
1218,police,Kelli Kennedy,is written by,implicit,no change
1219,police,Kevin Robillard,is written by,explicit,no change
1220,police,Lindsay Whitehurst,is written by,implicit,no change
1221,police,Liz Skalka,is written by,explicit,no change
1222,police,Lydia O'Connor,is written by,explicit,no change
1223,police,Marita Vlachou,is written by,explicit,no change
1224,police,Mary Papenfuss,is written by,explicit,no change
1225,police,Michael R. Sisak,is written by,explicit,no change
1226,police,Nathalie Baptiste,is written by,explicit,no change
1227,police,Nick Visser,is written by,explicit,no change
1228,police,Nina Golgowski,is written by,explicit,no change
1229,police,Phillip Jackson,is written by,explicit,addition
1230,police,Ron Dicker,is written by,explicit,no change
1231,police,Ryan Grenoble,is written by,explicit,no change
1232,police,S.V. Date,is written by,explicit,no change
1233,police,Sanjana Karanth,is written by,explicit,no change
1234,police,Sara Boboltz,is written by,explicit,addition
1235,police,Terry Spencer,is written by,explicit,no change
1236,police,Zeke Miller,is written by,explicit,no change
1237,republicans,ACACIA CORONADO,is written by,explicit,no change
1238,republicans,Aamer Madhani,is written by,implicit,no change
1239,republicans,Acacia Coronado,is written by,implicit,no change
1240,republicans,Akbar Shahid Ahmed,is written by,implicit,no change
1241,republicans,Alan Fram,is written by,implicit,no change
1242,republicans,Alanna Vagianos,is written by,explicit,no change
1243,republicans,Alexander C. Kaufman,is written by,implicit,no change
1244,republicans,Alexandra Jaffe,is written by,implicit,no change
1245,republicans,Amanda Terkel,is written by,implicit,no change
1246,republicans,Amy Taxin,is written by,implicit,no change
1247,republicans,Andrew DeMillo,is written by,implicit,no change
1248,republicans,Andrew Heavens,is written by,implicit,no change
1249,republicans,Andy Campbell,is written by,explicit,no change
1250,republicans,Arthur Delaney,is written by,explicit,no change
1251,republicans,Ashraf Khalil,is written by,implicit,no change
1252,republicans,Associated Press,is written by,explicit,no change
1253,republicans,Ben Blanchet,is written by,explicit,no change
1254,republicans,Brian Slodysko,is written by,explicit,no change
1255,republicans,By CASEY SMITH,is written by,implicit,no change
1256,republicans,By Colleen Long,is written by,implicit,no change
1257,republicans,CHRIS MEGERIAN,is written by,explicit,addition
1258,republicans,Carol Kuruvilla,is written by,implicit,no change
1259,republicans,Chris D'Angelo,is written by,explicit,no change
1260,republicans,Christopher Mathias,is written by,implicit,no change
1261,republicans,Collin Binkley,is written by,implicit,no change
1262,republicans,Curtis M. Wong,is written by,implicit,no change
1263,republicans,DAVID BAUDER,is written by,implicit,no change
1264,republicans,DAVID PITT,is written by,implicit,no change
1265,republicans,Daniel Marans,is written by,explicit,no change
1266,republicans,Dave Jamieson,is written by,explicit,no change
1267,republicans,David Bauder,is written by,implicit,no change
1268,republicans,David Klepper,is written by,implicit,no change
1269,republicans,David Moye,is written by,explicit,no change
1270,republicans,Dominique Mosbergen,is written by,implicit,no change
1271,republicans,ELAINE GANLEY,is written by,implicit,no change
1272,republicans,Ed Mazza,is written by,explicit,no change
1273,republicans,Ed White,is written by,implicit,no change
1274,republicans,Elise Foley,is written by,implicit,no change
1275,republicans,Elliot Spagat,is written by,implicit,no change
1276,republicans,Elyse Wanshel,is written by,explicit,no change
1277,republicans,Eric Tucker,is written by,explicit,no change
1278,republicans,FARNOUSH AMIRI,is written by,explicit,no change
1279,republicans,FREIDA FRISARO,is written by,implicit,no change
1280,republicans,Farnoush Amiri,is written by,implicit,no change
1281,republicans,Garance Burke,is written by,implicit,no change
1282,republicans,HOWARD FENDRICH,is written by,explicit,no change
1283,republicans,Hayley Miller,is written by,implicit,no change
1284,republicans,Hilary Hanson,is written by,explicit,no change
1285,republicans,Hope Yen,is written by,implicit,no change
1286,republicans,Howard Fendrich,is written by,explicit,no change
1287,republicans,Hunter Walker,is written by,implicit,no change
1288,republicans,Igor Bobic,is written by,explicit,no change
1289,republicans,JAMES ANDERSON,is written by,implicit,no change
1290,republicans,JOHN HANNA,is written by,implicit,no change
1291,republicans,JOSH BOAK,is written by,implicit,no change
1292,republicans,Ja'han Jones,is written by,implicit,no change
1293,republicans,Jake Bleiberg,is written by,implicit,no change
1294,republicans,James Anderson,is written by,implicit,no change
1295,republicans,Jan Wolfe,is written by,implicit,no change
1296,republicans,Jenna Amatulli,is written by,implicit,no change
1297,republicans,Jennifer Bendery,is written by,explicit,no change
1298,republicans,Jeremy Blum,is written by,implicit,no change
1299,republicans,Jessica Schulberg,is written by,explicit,no change
1300,republicans,Jill Colvin,is written by,explicit,no change
1301,republicans,Jonathan Cohn,is written by,explicit,no change
1302,republicans,Jonathan Nicholson,is written by,explicit,no change
1303,republicans,Josephine Harvey,is written by,implicit,no change
1304,republicans,Kate Brumback,is written by,explicit,addition
1305,republicans,Kathy Gannon,is written by,implicit,no change
1306,republicans,Kelli Kennedy,is written by,implicit,no change
1307,republicans,Kevin Robillard,is written by,explicit,no change
1308,republicans,Kimberlee Kruesi,is written by,implicit,no change
1309,republicans,Kimberley Richards,is written by,implicit,no change
1310,republicans,Lee Moran,is written by,implicit,no change
1311,republicans,Lisa Mascaro,is written by,implicit,no change
1312,republicans,Liz Skalka,is written by,explicit,no change
1313,republicans,Lolita C. Baldor,is written by,implicit,no change
1314,republicans,Lydia O'Connor,is written by,explicit,no change
1315,republicans,MAE ANDERSON,is written by,implicit,no change
1316,republicans,MARINA VILLENEUVE,is written by,implicit,no change
1317,republicans,MARY CLARE JALONICK,is written by,implicit,no change
1318,republicans,MICHAEL BALSAMO,is written by,implicit,no change
1319,republicans,Marina Fang,is written by,implicit,no change
1320,republicans,Marita Vlachou,is written by,explicit,no change
1321,republicans,Mary Papenfuss,is written by,explicit,no change
1322,republicans,Matt Fuller,is written by,implicit,no change
1323,republicans,Melissa Jeltsen,is written by,implicit,no change
1324,republicans,Michael Balsamo,is written by,implicit,no change
1325,republicans,Michael Hobbes,is written by,implicit,no change
1326,republicans,Michael Kunzelman,is written by,implicit,no change
1327,republicans,Michael R. Sisak,is written by,explicit,no change
1328,republicans,Michael R. Sisick,is written by,implicit,no change
1329,republicans,Nathalie Baptiste,is written by,explicit,no change
1330,republicans,Nick Robins-Early,is written by,implicit,no change
1331,republicans,Nick Visser,is written by,explicit,no change
1332,republicans,Nina Golgowski,is written by,explicit,no change
1333,republicans,Nomaan Merchant,is written by,implicit,no change
1334,republicans,PETER SMITH,is written by,implicit,no change
1335,republicans,Paul Blumenthal,is written by,implicit,no change
1336,republicans,Philip Lewis,is written by,implicit,no change
1337,republicans,Phillip Jackson,is written by,explicit,no change
1338,republicans,ROB GILLIES,is written by,implicit,no change
1339,republicans,Ron Dicker,is written by,explicit,no change
1340,republicans,Rowaida Abdelaziz,is written by,implicit,no change
1341,republicans,Ryan Grenoble,is written by,explicit,no change
1342,republicans,Ryan J. Reilly,is written by,implicit,no change
1343,republicans,S.V. Date,is written by,explicit,no change
1344,republicans,SARAH RANKIN,is written by,implicit,no change
1345,republicans,Sam Metz,is written by,implicit,no change
1346,republicans,Samantha Lachman,is written by,implicit,no change
1347,republicans,Sanjana Karanth,is written by,explicit,no change
1348,republicans,Sara Boboltz,is written by,explicit,no change
1349,republicans,Sara Burnett,is written by,implicit,no change
1350,republicans,Sarah Ruiz-Grossman,is written by,implicit,no change
1351,republicans,Sean Murphy,is written by,implicit,no change
1352,republicans,Sebastian Murdock,is written by,implicit,no change
1353,republicans,Steve Gorman,is written by,implicit,no change
1354,republicans,Steve Peoples,is written by,implicit,no change
1355,republicans,Tara Golshan,is written by,implicit,no change
1356,republicans,Terry Spencer,is written by,explicit,no change
1357,republicans,The Associated Press,is written by,implicit,no change
1358,republicans,Travis Waldron,is written by,implicit,no change
1359,republicans,Vanessa Gera,is written by,implicit,no change
1360,republicans,Zachary D. Carter,is written by,implicit,no change
1361,republicans,Zeke Miller,is written by,explicit,no change
1362,suspect,ACACIA CORONADO,is written by,explicit,no change
1363,suspect,Alanna Vagianos,is written by,explicit,no change
1364,suspect,Andy Campbell,is written by,explicit,no change
1365,suspect,Arthur Delaney,is written by,explicit,no change
1366,suspect,Associated Press,is written by,explicit,no change
1367,suspect,Ben Blanchet,is written by,explicit,no change
1368,suspect,Brian Slodysko,is written by,explicit,no change
1369,suspect,CHRIS MEGERIAN,is written by,explicit,no change
1370,suspect,Carolyn Thompson,is written by,implicit,no change
1371,suspect,Chris D'Angelo,is written by,explicit,no change
1372,suspect,Daniel Marans,is written by,explicit,no change
1373,suspect,Dave Jamieson,is written by,explicit,no change
1374,suspect,David Moye,is written by,explicit,no change
1375,suspect,Ed Mazza,is written by,explicit,no change
1376,suspect,Elyse Wanshel,is written by,explicit,no change
1377,suspect,Eric Tucker,is written by,explicit,no change
1378,suspect,FARNOUSH AMIRI,is written by,explicit,no change
1379,suspect,HOWARD FENDRICH,is written by,explicit,no change
1380,suspect,Hilary Hanson,is written by,explicit,no change
1381,suspect,Howard Fendrich,is written by,explicit,no change
1382,suspect,Igor Bobic,is written by,explicit,no change
1383,suspect,Jennifer Bendery,is written by,explicit,no change
1384,suspect,Jessica Schulberg,is written by,explicit,no change
1385,suspect,Jill Colvin,is written by,explicit,no change
1386,suspect,Jonathan Cohn,is written by,explicit,no change
1387,suspect,Jonathan Nicholson,is written by,explicit,no change
1388,suspect,Kate Brumback,is written by,explicit,no change
1389,suspect,Kevin Robillard,is written by,explicit,no change
1390,suspect,Liz Skalka,is written by,explicit,no change
1391,suspect,Lydia O'Connor,is written by,explicit,no change
1392,suspect,Marita Vlachou,is written by,explicit,no change
1393,suspect,Mary Papenfuss,is written by,explicit,no change
1394,suspect,Michael R. Sisak,is written by,explicit,no change
1395,suspect,Nathalie Baptiste,is written by,explicit,no change
1396,suspect,Nick Visser,is written by,explicit,no change
1397,suspect,Nina Golgowski,is written by,explicit,no change
1398,suspect,Phillip Jackson,is written by,explicit,no change
1399,suspect,Ron Dicker,is written by,explicit,no change
1400,suspect,Ryan Grenoble,is written by,explicit,no change
1401,suspect,S.V. Date,is written by,explicit,no change
1402,suspect,Sanjana Karanth,is written by,explicit,no change
1403,suspect,Sara Boboltz,is written by,explicit,no change
1404,suspect,Sebastian Murdock,is written by,implicit,no change
1405,suspect,Terry Spencer,is written by,explicit,no change
1406,suspect,Zeke Miller,is written by,explicit,no change
1407,technology,ACACIA CORONADO,is written by,explicit,no change
1408,technology,Alanna Vagianos,is written by,explicit,no change
1409,technology,Andy Campbell,is written by,explicit,no change
1410,technology,Arthur Delaney,is written by,explicit,no change
1411,technology,Associated Press,is written by,explicit,no change
1412,technology,Ben Blanchet,is written by,explicit,no change
1413,technology,Brian Slodysko,is written by,explicit,no change
1414,technology,CHRIS MEGERIAN,is written by,explicit,no change
1415,technology,Chris D'Angelo,is written by,explicit,no change
1416,technology,Daniel Marans,is written by,explicit,no change
1417,technology,Dave Jamieson,is written by,explicit,no change
1418,technology,David Moye,is written by,explicit,no change
1419,technology,Ed Mazza,is written by,explicit,no change
1420,technology,Elyse Wanshel,is written by,explicit,no change
1421,technology,Eric Tucker,is written by,explicit,no change
1422,technology,FARNOUSH AMIRI,is written by,explicit,no change
1423,technology,HOWARD FENDRICH,is written by,explicit,no change
1424,technology,Hilary Hanson,is written by,explicit,no change
1425,technology,Howard Fendrich,is written by,explicit,no change
1426,technology,Igor Bobic,is written by,explicit,no change
1427,technology,Jennifer Bendery,is written by,explicit,no change
1428,technology,Jessica Schulberg,is written by,explicit,no change
1429,technology,Jill Colvin,is written by,explicit,no change
1430,technology,Jonathan Cohn,is written by,explicit,no change
1431,technology,Jonathan Nicholson,is written by,explicit,no change
1432,technology,Kate Brumback,is written by,explicit,no change
1433,technology,Kevin Robillard,is written by,explicit,no change
1434,technology,Liz Skalka,is written by,explicit,no change
1435,technology,Lydia O'Connor,is written by,explicit,no change
1436,technology,Marita Vlachou,is written by,explicit,addition
1437,technology,Mary Papenfuss,is written by,explicit,no change
1438,technology,Michael R. Sisak,is written by,explicit,no change
1439,technology,Nathalie Baptiste,is written by,explicit,no change
1440,technology,Nick Visser,is written by,explicit,no change
1441,technology,Nina Golgowski,is written by,explicit,no change
1442,technology,Phillip Jackson,is written by,explicit,no change
1443,technology,Ron Dicker,is written by,explicit,no change
1444,technology,Ryan Grenoble,is written by,explicit,no change
1445,technology,S.V. Date,is written by,explicit,no change
1446,technology,Sanjana Karanth,is written by,explicit,no change
1447,technology,Sara Boboltz,is written by,explicit,no change
1448,technology,Terry Spencer,is written by,explicit,no change
1449,technology,Zeke Miller,is written by,explicit,no change
1450,tennis,ACACIA CORONADO,is written by,explicit,no change
1451,tennis,Alanna Vagianos,is written by,explicit,no change
1452,tennis,Andy Campbell,is written by,explicit,no change
1453,tennis,Arthur Delaney,is written by,explicit,no change
1454,tennis,Associated Press,is written by,explicit,no change
1455,tennis,Ben Blanchet,is written by,explicit,no change
1456,tennis,Brian Slodysko,is written by,explicit,no change
1457,tennis,CHRIS MEGERIAN,is written by,explicit,no change
1458,tennis,Chris D'Angelo,is written by,explicit,no change
1459,tennis,Daniel Marans,is written by,explicit,no change
1460,tennis,Dave Jamieson,is written by,explicit,no change
1461,tennis,David Moye,is written by,explicit,no change
1462,tennis,Ed Mazza,is written by,explicit,no change
1463,tennis,Elyse Wanshel,is written by,explicit,no change
1464,tennis,Eric Tucker,is written by,explicit,no change
1465,tennis,FARNOUSH AMIRI,is written by,explicit,no change
1466,tennis,HOWARD FENDRICH,is written by,explicit,addition
1467,tennis,Hayley Miller,is written by,implicit,no change
1468,tennis,Hilary Hanson,is written by,explicit,no change
1469,tennis,Howard Fendrich,is written by,explicit,no change
1470,tennis,Igor Bobic,is written by,explicit,no change
1471,tennis,Ja'han Jones,is written by,implicit,no change
1472,tennis,Jennifer Bendery,is written by,explicit,no change
1473,tennis,Jessica Schulberg,is written by,explicit,no change
1474,tennis,Jill Colvin,is written by,explicit,no change
1475,tennis,Jonathan Cohn,is written by,explicit,no change
1476,tennis,Jonathan Nicholson,is written by,explicit,no change
1477,tennis,Josephine Harvey,is written by,implicit,no change
1478,tennis,Kate Brumback,is written by,explicit,no change
1479,tennis,Kevin Robillard,is written by,explicit,no change
1480,tennis,Lee Moran,is written by,implicit,no change
1481,tennis,Liz Skalka,is written by,explicit,no change
1482,tennis,Lydia O'Connor,is written by,explicit,no change
1483,tennis,MATTIAS KARÃ‰N,is written by,implicit,no change
1484,tennis,Marita Vlachou,is written by,explicit,no change
1485,tennis,Mary Papenfuss,is written by,explicit,no change
1486,tennis,Michael R. Sisak,is written by,explicit,no change
1487,tennis,Nathalie Baptiste,is written by,explicit,no change
1488,tennis,Nick Visser,is written by,explicit,no change
1489,tennis,Nina Golgowski,is written by,explicit,no change
1490,tennis,Phillip Jackson,is written by,explicit,no change
1491,tennis,Ron Dicker,is written by,explicit,no change
1492,tennis,Ryan Grenoble,is written by,explicit,no change
1493,tennis,S.V. Date,is written by,explicit,no change
1494,tennis,Sanjana Karanth,is written by,explicit,no change
1495,tennis,Sara Boboltz,is written by,explicit,no change
1496,tennis,Terry Spencer,is written by,explicit,no change
1497,tennis,Zeke Miller,is written by,explicit,no change
1498,trump,ACACIA CORONADO,is written by,explicit,no change
1499,trump,Aamer Madhani,is written by,implicit,no change
1500,trump,Akbar Shahid Ahmed,is written by,implicit,no change
1501,trump,Alanna Vagianos,is written by,explicit,no change
1502,trump,Amanda Terkel,is written by,implicit,no change
1503,trump,Andy Campbell,is written by,explicit,no change
1504,trump,Arthur Delaney,is written by,explicit,no change
1505,trump,Associated Press,is written by,explicit,no change
1506,trump,Ben Blanchet,is written by,explicit,no change
1507,trump,Brian Slodysko,is written by,explicit,no change
1508,trump,CHRIS MEGERIAN,is written by,explicit,no change
1509,trump,Chris D'Angelo,is written by,explicit,no change
1510,trump,Christopher Mathias,is written by,implicit,no change
1511,trump,Daniel Marans,is written by,explicit,no change
1512,trump,Dave Jamieson,is written by,explicit,no change
1513,trump,David Moye,is written by,explicit,no change
1514,trump,Dominique Mosbergen,is written by,implicit,no change
1515,trump,Ed Mazza,is written by,explicit,no change
1516,trump,Elyse Wanshel,is written by,explicit,addition
1517,trump,Emily Peck,is written by,implicit,no change
1518,trump,Eric Tucker,is written by,explicit,no change
1519,trump,FARNOUSH AMIRI,is written by,explicit,no change
1520,trump,HOWARD FENDRICH,is written by,explicit,no change
1521,trump,Hayley Miller,is written by,implicit,no change
1522,trump,Hilary Hanson,is written by,explicit,no change
1523,trump,Howard Fendrich,is written by,explicit,no change
1524,trump,HuffPost Staff,is written by,implicit,no change
1525,trump,Igor Bobic,is written by,explicit,no change
1526,trump,Jenna Amatulli,is written by,implicit,no change
1527,trump,Jennifer Bendery,is written by,explicit,no change
1528,trump,Jennifer Peltz,is written by,implicit,no change
1529,trump,Jeremy Blum,is written by,implicit,no change
1530,trump,Jessica Schulberg,is written by,explicit,no change
1531,trump,Jill Colvin,is written by,explicit,no change
1532,trump,Jonathan Cohn,is written by,explicit,no change
1533,trump,Jonathan Lemire,is written by,implicit,no change
1534,trump,Jonathan Nicholson,is written by,explicit,no change
1535,trump,Josephine Harvey,is written by,implicit,no change
1536,trump,Kate Brumback,is written by,explicit,no change
1537,trump,Kevin Robillard,is written by,explicit,no change
1538,trump,Lee Moran,is written by,implicit,no change
1539,trump,Liz Skalka,is written by,explicit,no change
1540,trump,Lydia O'Connor,is written by,explicit,no change
1541,trump,MARK SHERMAN,is written by,implicit,no change
1542,trump,Marina Fang,is written by,implicit,no change
1543,trump,Marita Vlachou,is written by,explicit,no change
1544,trump,Mary Papenfuss,is written by,explicit,no change
1545,trump,Melissa Jeltsen,is written by,implicit,no change
1546,trump,Michael Kunzelman,is written by,implicit,no change
1547,trump,Michael R. Sisak,is written by,explicit,no change
1548,trump,Molly Redden,is written by,implicit,no change
1549,trump,Nathalie Baptiste,is written by,explicit,no change
1550,trump,Nick Visser,is written by,explicit,no change
1551,trump,Nina Golgowski,is written by,explicit,no change
1552,trump,Paul J. Weber,is written by,implicit,no change
1553,trump,Phillip Jackson,is written by,explicit,no change
1554,trump,Ron Dicker,is written by,explicit,no change
1555,trump,Rowaida Abdelaziz,is written by,implicit,no change
1556,trump,Ryan Grenoble,is written by,explicit,no change
1557,trump,Ryan J. Reilly,is written by,implicit,no change
1558,trump,S.V. Date,is written by,explicit,no change
1559,trump,Sanjana Karanth,is written by,explicit,no change
1560,trump,Sara Boboltz,is written by,explicit,no change
1561,trump,Terry Spencer,is written by,explicit,addition
1562,trump,Zeke Miller,is written by,explicit,no change
1563,vote,ACACIA CORONADO,is written by,explicit,no change
1564,vote,Akbar Shahid Ahmed,is written by,implicit,no change
1565,vote,Alan Fram,is written by,implicit,no change
1566,vote,Alanna Vagianos,is written by,explicit,addition
1567,vote,Amanda Terkel,is written by,implicit,no change
1568,vote,Andy Campbell,is written by,explicit,no change
1569,vote,Arthur Delaney,is written by,explicit,no change
1570,vote,Associated Press,is written by,explicit,no change
1571,vote,BRIAN SLODYSKO,is written by,implicit,no change
1572,vote,Ben Blanchet,is written by,explicit,no change
1573,vote,Brian Slodysko,is written by,explicit,no change
1574,vote,CHRIS MEGERIAN,is written by,explicit,no change
1575,vote,Chris D'Angelo,is written by,explicit,no change
1576,vote,Daniel Marans,is written by,explicit,no change
1577,vote,Dave Jamieson,is written by,explicit,no change
1578,vote,David Moye,is written by,explicit,no change
1579,vote,Dominique Mosbergen,is written by,implicit,no change
1580,vote,Ed Mazza,is written by,explicit,no change
1581,vote,Elyse Wanshel,is written by,explicit,no change
1582,vote,Eric Tucker,is written by,explicit,no change
1583,vote,FARNOUSH AMIRI,is written by,explicit,no change
1584,vote,HOWARD FENDRICH,is written by,explicit,no change
1585,vote,Hayley Miller,is written by,implicit,no change
1586,vote,Hilary Hanson,is written by,explicit,no change
1587,vote,Howard Fendrich,is written by,explicit,no change
1588,vote,Igor Bobic,is written by,explicit,no change
1589,vote,Jeff Martin,is written by,implicit,no change
1590,vote,Jennifer Bendery,is written by,explicit,no change
1591,vote,Jessica Schulberg,is written by,explicit,no change
1592,vote,Jill Colvin,is written by,explicit,no change
1593,vote,Jonathan Cohn,is written by,explicit,no change
1594,vote,Jonathan Nicholson,is written by,explicit,no change
1595,vote,Kate Brumback,is written by,explicit,no change
1596,vote,Kevin Robillard,is written by,explicit,addition
1597,vote,Lee Moran,is written by,implicit,no change
1598,vote,Liz Skalka,is written by,explicit,no change
1599,vote,Lydia O'Connor,is written by,explicit,no change
1600,vote,Marita Vlachou,is written by,explicit,no change
1601,vote,Mary Papenfuss,is written by,explicit,no change
1602,vote,Michael R. Sisak,is written by,explicit,no change
1603,vote,Mike Schneider,is written by,implicit,no change
1604,vote,NICHOLAS RICCARDI,is written by,implicit,no change
1605,vote,Nathalie Baptiste,is written by,explicit,no change
1606,vote,Nick Robins-Early,is written by,implicit,no change
1607,vote,Nick Visser,is written by,explicit,no change
1608,vote,Nina Golgowski,is written by,explicit,no change
1609,vote,Paul Blumenthal,is written by,implicit,no change
1610,vote,Phillip Jackson,is written by,explicit,no change
1611,vote,Ron Dicker,is written by,explicit,no change
1612,vote,Ryan Grenoble,is written by,explicit,no change
1613,vote,S.V. Date,is written by,explicit,no change
1614,vote,Sanjana Karanth,is written by,explicit,no change
1615,vote,Sara Boboltz,is written by,explicit,no change
1616,vote,Terry Spencer,is written by,explicit,no change
1617,vote,Zeke Miller,is written by,explicit,no change
