,source,target,relationship,label
0,biden,Marina Villenueve,is written by,implicit
1,biden,Jessica Gresko,is written by,implicit
2,biden,Christopher Mathias,is written by,implicit
3,biden,Amanda Terkel,is written by,implicit
4,biden,Lee Moran,is written by,implicit
5,biden,Sarah Ruiz-Grossman,is written by,implicit
6,biden,Farnoush Amiri,is written by,implicit
7,biden,Patrick Whittle,is written by,implicit
8,biden,Cara Anna,is written by,implicit
9,biden,Ricardo Alonso-Zaldivar,is written by,implicit
10,biden,Lisa Mascaro,is written by,implicit
11,biden,ZEKE MILLER,is written by,implicit
12,biden,Curt Anderson,is written by,implicit
13,biden,Michelle L. Price,is written by,implicit
14,biden,Philip Lewis,is written by,implicit
15,biden,Tara Golshan,is written by,implicit
16,biden,ANTHONY IZAGUIRRE,is written by,implicit
17,biden,Alexandra Jaffe,is written by,implicit
18,biden,Tim Sullivan,is written by,implicit
19,biden,Christopher Rugaber,is written by,implicit
20,biden,Akbar Shahid Ahmed,is written by,implicit
21,biden,Colleen Long,is written by,implicit
22,biden,Sebastian Murdock,is written by,implicit
23,biden,Josephine Harvey,is written by,implicit
24,biden,Mead Gruver,is written by,implicit
25,biden,Liza Hearon,is written by,implicit
26,biden,Alexander C. Kaufman,is written by,implicit
27,biden,Dominique Mosbergen,is written by,implicit
28,biden,STAN CHOE,is written by,implicit
29,biden,Laurie Kellman,is written by,implicit
30,biden,Elliot Spagat,is written by,implicit
31,biden,Matt O'Brien,is written by,implicit
32,biden,Stan Choe,is written by,implicit
33,biden,Nomaan Merchant,is written by,implicit
34,biden,Ellen Knickmeyer,is written by,implicit
35,biden,JEFFREY COLLINS,is written by,implicit
36,biden,Ja'han Jones,is written by,implicit
37,biden,Rowaida Abdelaziz,is written by,implicit
38,biden,Hayley Miller,is written by,implicit
39,biden,Molly Redden,is written by,implicit
40,biden,Alan Fram,is written by,implicit
41,biden,LOLITA C. BALDOR,is written by,implicit
42,biden,Matthew Lee,is written by,implicit
43,biden,Jonathan Lemire,is written by,implicit
44,biden,Ariel Edwards-Levy,is written by,implicit
45,biden,Carol Kuruvilla,is written by,implicit
46,biden,Curtis M. Wong,is written by,implicit
47,biden,Collin Binkley,is written by,implicit
48,biden,James LaPorta,is written by,implicit
49,biden,Zachary D. Carter,is written by,implicit
50,biden,Kimberley Richards,is written by,implicit
51,biden,Ryan J. Reilly,is written by,implicit
52,biden,Bill Barrow,is written by,implicit
53,biden,Matthew Daly,is written by,implicit
54,biden,Jeff Mason,is written by,implicit
55,biden,Mike Schneider,is written by,implicit
56,biden,Matt Fuller,is written by,implicit
57,biden,Michael Hobbes,is written by,implicit
58,biden,Jeremy Blum,is written by,implicit
59,biden,Jenna Amatulli,is written by,implicit
60,biden,David Crary,is written by,implicit
61,biden,Reuters Staff,is written by,implicit
62,biden,Emily Peck,is written by,implicit
63,biden,Hugo Greenhalgh,is written by,implicit
64,biden,Nadine White,is written by,implicit
65,biden,David Eggert,is written by,implicit
66,biden,David Bauder,is written by,implicit
67,biden,Edith M. Lederer,is written by,implicit
68,Marina Villenueve,POLITICS,covers,implicit
69,republicans,Josephine Harvey,is written by,implicit
70,republicans,ROB GILLIES,is written by,implicit
71,republicans,Amanda Terkel,is written by,implicit
72,republicans,Marina Fang,is written by,implicit
73,republicans,MARINA VILLENEUVE,is written by,implicit
74,republicans,PETER SMITH,is written by,implicit
75,republicans,Farnoush Amiri,is written by,implicit
76,republicans,Lee Moran,is written by,implicit
77,republicans,Travis Waldron,is written by,implicit
78,republicans,Vanessa Gera,is written by,implicit
79,republicans,Christopher Mathias,is written by,implicit
80,republicans,Sarah Ruiz-Grossman,is written by,implicit
81,republicans,Philip Lewis,is written by,implicit
82,republicans,Paul Blumenthal,is written by,implicit
83,republicans,Amy Taxin,is written by,implicit
84,republicans,Sam Metz,is written by,implicit
85,republicans,Michael R. Sisick,is written by,implicit
86,republicans,Akbar Shahid Ahmed,is written by,implicit
87,republicans,David Bauder,is written by,implicit
88,republicans,JOSH BOAK,is written by,implicit
89,republicans,Tara Golshan,is written by,implicit
90,republicans,David Klepper,is written by,implicit
91,republicans,Steve Peoples,is written by,implicit
92,republicans,Aamer Madhani,is written by,implicit
93,republicans,Jake Bleiberg,is written by,implicit
94,republicans,Ryan J. Reilly,is written by,implicit
95,republicans,Samantha Lachman,is written by,implicit
96,republicans,FREIDA FRISARO,is written by,implicit
97,republicans,James Anderson,is written by,implicit
98,republicans,Michael Balsamo,is written by,implicit
99,republicans,Ashraf Khalil,is written by,implicit
100,republicans,Kelli Kennedy,is written by,implicit
101,republicans,JAMES ANDERSON,is written by,implicit
102,republicans,Alan Fram,is written by,implicit
103,republicans,Sean Murphy,is written by,implicit
104,republicans,Acacia Coronado,is written by,implicit
105,republicans,Rowaida Abdelaziz,is written by,implicit
106,republicans,Nomaan Merchant,is written by,implicit
107,republicans,ELAINE GANLEY,is written by,implicit
108,republicans,By Colleen Long,is written by,implicit
109,republicans,Sara Burnett,is written by,implicit
110,republicans,Kathy Gannon,is written by,implicit
111,republicans,Kimberlee Kruesi,is written by,implicit
112,republicans,Alexander C. Kaufman,is written by,implicit
113,republicans,Curtis M. Wong,is written by,implicit
114,republicans,Andrew DeMillo,is written by,implicit
115,republicans,Elise Foley,is written by,implicit
116,republicans,DAVID BAUDER,is written by,implicit
117,republicans,Ja'han Jones,is written by,implicit
118,republicans,MICHAEL BALSAMO,is written by,implicit
119,republicans,Michael Kunzelman,is written by,implicit
120,republicans,MARY CLARE JALONICK,is written by,implicit
121,republicans,Hayley Miller,is written by,implicit
122,republicans,Lisa Mascaro,is written by,implicit
123,republicans,Elliot Spagat,is written by,implicit
124,republicans,Collin Binkley,is written by,implicit
125,republicans,Garance Burke,is written by,implicit
126,republicans,The Associated Press,is written by,implicit
127,republicans,Hope Yen,is written by,implicit
128,republicans,JOHN HANNA,is written by,implicit
129,republicans,Sebastian Murdock,is written by,implicit
130,republicans,By CASEY SMITH,is written by,implicit
131,republicans,SARAH RANKIN,is written by,implicit
132,republicans,DAVID PITT,is written by,implicit
133,republicans,Jeremy Blum,is written by,implicit
134,republicans,Melissa Jeltsen,is written by,implicit
135,republicans,Lolita C. Baldor,is written by,implicit
136,republicans,MAE ANDERSON,is written by,implicit
137,republicans,Jan Wolfe,is written by,implicit
138,republicans,Nick Robins-Early,is written by,implicit
139,republicans,Carol Kuruvilla,is written by,implicit
140,republicans,Dominique Mosbergen,is written by,implicit
141,republicans,Zachary D. Carter,is written by,implicit
142,republicans,Steve Gorman,is written by,implicit
143,republicans,Jenna Amatulli,is written by,implicit
144,republicans,Hunter Walker,is written by,implicit
145,republicans,Ed White,is written by,implicit
146,republicans,Andrew Heavens,is written by,implicit
147,republicans,Michael Hobbes,is written by,implicit
148,republicans,Alexandra Jaffe,is written by,implicit
149,republicans,Matt Fuller,is written by,implicit
150,republicans,Kimberley Richards,is written by,implicit
151,Josephine Harvey,POLITICS,covers,implicit
152,Josephine Harvey,SPORTS,covers,implicit
153,trump,Michael Kunzelman,is written by,implicit
154,trump,Molly Redden,is written by,implicit
155,trump,Lee Moran,is written by,implicit
156,trump,Amanda Terkel,is written by,implicit
157,trump,MARK SHERMAN,is written by,implicit
158,trump,Josephine Harvey,is written by,implicit
159,trump,Jennifer Peltz,is written by,implicit
160,trump,Rowaida Abdelaziz,is written by,implicit
161,trump,Paul J. Weber,is written by,implicit
162,trump,Hayley Miller,is written by,implicit
163,trump,Melissa Jeltsen,is written by,implicit
164,trump,Jonathan Lemire,is written by,implicit
165,trump,Jeremy Blum,is written by,implicit
166,trump,Aamer Madhani,is written by,implicit
167,trump,Jenna Amatulli,is written by,implicit
168,trump,Christopher Mathias,is written by,implicit
169,trump,Ryan J. Reilly,is written by,implicit
170,trump,Akbar Shahid Ahmed,is written by,implicit
171,trump,Dominique Mosbergen,is written by,implicit
172,trump,Emily Peck,is written by,implicit
173,trump,Marina Fang,is written by,implicit
174,trump,HuffPost Staff,is written by,implicit
175,court,By Mark Sherman,is written by,implicit
176,court,Elise Foley,is written by,implicit
177,court,Andrew Welsh-Huggins,is written by,implicit
178,court,Curt Anderson,is written by,implicit
179,court,Colleen Long,is written by,implicit
180,court,MARK SHERMAN,is written by,implicit
181,court,Paul Blumenthal,is written by,implicit
182,court,Michael Kunzelman,is written by,implicit
183,court,Sebastian Murdock,is written by,implicit
184,court,Ryan J. Reilly,is written by,implicit
185,court,Don Thompson,is written by,implicit
186,court,Alexander C. Kaufman,is written by,implicit
187,court,Paul J. Weber,is written by,implicit
188,court,Ellen Knickmeyer,is written by,implicit
189,court,Lee Moran,is written by,implicit
190,court,Dominique Mosbergen,is written by,implicit
191,court,Jessica Gresko,is written by,implicit
192,court,Melissa Jeltsen,is written by,implicit
193,court,David Morgan,is written by,implicit
194,court,Mark Sherman,is written by,implicit
195,court,Aakriti Bhalla,is written by,implicit
196,court,Sarah Ruiz-Grossman,is written by,implicit
197,court,Lawrence Hurley,is written by,implicit
198,By Mark Sherman,POLITICS,covers,implicit
199,Jessica Gresko,POLITICS,covers,implicit
200,ROB GILLIES,POLITICS,covers,implicit
201,Elise Foley,POLITICS,covers,implicit
202,Amanda Terkel,POLITICS,covers,implicit
203,election,Amanda Terkel,is written by,implicit
204,election,Julie Carr Smyth,is written by,implicit
205,election,Lee Moran,is written by,implicit
206,election,PAUL J. WEBER,is written by,implicit
207,election,Travis Waldron,is written by,implicit
208,election,Zahara Hill,is written by,implicit
209,election,Tara Golshan,is written by,implicit
210,election,Josephine Harvey,is written by,implicit
211,election,Paul Blumenthal,is written by,implicit
212,election,Curtis M. Wong,is written by,implicit
213,election,Karen Matthews,is written by,implicit
214,election,Sarah Ruiz-Grossman,is written by,implicit
215,election,Hayley Miller,is written by,implicit
216,election,JILL COLVIN,is written by,implicit
217,election,Nick Robins-Early,is written by,implicit
218,election,Carol Kuruvilla,is written by,implicit
219,election,Angela Moore,is written by,implicit
220,election,Jarrett Renshaw,is written by,implicit
221,election,Luke O'Brien,is written by,implicit
222,election,HuffPost Staff,is written by,implicit
223,Christopher Mathias,POLITICS,covers,implicit
224,Marina Fang,POLITICS,covers,implicit
225,democrats,Josh Boak,is written by,implicit
226,democrats,MARY CLARE JALONICK,is written by,implicit
227,democrats,ZEKE MILLER,is written by,implicit
228,democrats,Lee Moran,is written by,implicit
229,democrats,Josephine Harvey,is written by,implicit
230,democrats,George Zornick,is written by,implicit
231,democrats,LISA RATHKE,is written by,implicit
232,democrats,CHRISTOPHER RUGABER,is written by,implicit
233,democrats,Alan Fram,is written by,implicit
234,democrats,Travis Waldron,is written by,implicit
235,democrats,Paul Blumenthal,is written by,implicit
236,democrats,Acacia Coronado,is written by,implicit
237,democrats,Tara Golshan,is written by,implicit
238,democrats,Sarah Ruiz-Grossman,is written by,implicit
239,democrats,Lisa Mascaro,is written by,implicit
240,democrats,Alexander C. Kaufman,is written by,implicit
241,democrats,Mary Clare Jalonick,is written by,implicit
242,democrats,Elliot Spagat,is written by,implicit
243,democrats,Joseph Ax,is written by,implicit
244,democrats,Jeremy Blum,is written by,implicit
245,democrats,Akbar Shahid Ahmed,is written by,implicit
246,democrats,Nicholas Riccardi,is written by,implicit
247,democrats,Caroline Spiezio,is written by,implicit
248,democrats,Ryan J. Reilly,is written by,implicit
249,MARINA VILLENEUVE,POLITICS,covers,implicit
250,PETER SMITH,POLITICS,covers,implicit
251,Andrew Welsh-Huggins,POLITICS,covers,implicit
252,Farnoush Amiri,POLITICS,covers,implicit
253,Curt Anderson,POLITICS,covers,implicit
254,Lee Moran,POLITICS,covers,implicit
255,Lee Moran,SPORTS,covers,implicit
256,vote,Alan Fram,is written by,implicit
257,vote,Lee Moran,is written by,implicit
258,vote,Amanda Terkel,is written by,implicit
259,vote,Paul Blumenthal,is written by,implicit
260,vote,Mike Schneider,is written by,implicit
261,vote,BRIAN SLODYSKO,is written by,implicit
262,vote,NICHOLAS RICCARDI,is written by,implicit
263,vote,Akbar Shahid Ahmed,is written by,implicit
264,vote,Hayley Miller,is written by,implicit
265,vote,Nick Robins-Early,is written by,implicit
266,vote,Jeff Martin,is written by,implicit
267,vote,Dominique Mosbergen,is written by,implicit
268,Travis Waldron,POLITICS,covers,implicit
269,Julie Carr Smyth,POLITICS,covers,implicit
270,Vanessa Gera,POLITICS,covers,implicit
271,Sarah Ruiz-Grossman,POLITICS,covers,implicit
272,Michael Kunzelman,POLITICS,covers,implicit
273,Molly Redden,POLITICS,covers,implicit
274,capitol,Josephine Harvey,is written by,implicit
275,capitol,Ryan J. Reilly,is written by,implicit
276,capitol,Dominique Mosbergen,is written by,implicit
277,capitol,MARY CLARE JALONICK,is written by,implicit
278,capitol,Hayley Miller,is written by,implicit
279,capitol,Sebastian Murdock,is written by,implicit
280,capitol,Mary Clare Jalonick,is written by,implicit
281,capitol,HuffPost Editors,is written by,implicit
282,capitol,Michael Balsamo,is written by,implicit
283,capitol,Paul Blumenthal,is written by,implicit
284,capitol,Lee Moran,is written by,implicit
285,capitol,Jeremy Blum,is written by,implicit
286,capitol,Emily Peck,is written by,implicit
287,donald,Lee Moran,is written by,implicit
288,Philip Lewis,POLITICS,covers,implicit
289,Josh Boak,POLITICS,covers,implicit
290,Patrick Whittle,POLITICS,covers,implicit
291,MARY CLARE JALONICK,POLITICS,covers,implicit
292,Cara Anna,POLITICS,covers,implicit
293,ZEKE MILLER,POLITICS,covers,implicit
294,Ricardo Alonso-Zaldivar,POLITICS,covers,implicit
295,Paul Blumenthal,POLITICS,covers,implicit
296,Amy Taxin,POLITICS,covers,implicit
297,Alan Fram,POLITICS,covers,implicit
298,Lisa Mascaro,POLITICS,covers,implicit
299,PAUL J. WEBER,POLITICS,covers,implicit
300,Colleen Long,POLITICS,covers,implicit
301,Matthew Lee,POLITICS,covers,implicit
302,Sam Metz,POLITICS,covers,implicit
303,Michael R. Sisick,POLITICS,covers,implicit
304,Akbar Shahid Ahmed,POLITICS,covers,implicit
305,MARK SHERMAN,POLITICS,covers,implicit
306,Zahara Hill,POLITICS,covers,implicit
307,Michelle L. Price,POLITICS,covers,implicit
308,David Bauder,POLITICS,covers,implicit
309,JOSH BOAK,POLITICS,covers,implicit
310,Tara Golshan,POLITICS,covers,implicit
311,Ryan J. Reilly,POLITICS,covers,implicit
312,ANTHONY IZAGUIRRE,POLITICS,covers,implicit
313,David Klepper,POLITICS,covers,implicit
314,Steve Peoples,POLITICS,covers,implicit
315,Aamer Madhani,POLITICS,covers,implicit
316,Jake Bleiberg,POLITICS,covers,implicit
317,Alexandra Jaffe,POLITICS,covers,implicit
318,Sebastian Murdock,POLITICS,covers,implicit
319,Sebastian Murdock,CRIME,covers,implicit
320,George Zornick,POLITICS,covers,implicit
321,Samantha Lachman,POLITICS,covers,implicit
322,Don Thompson,POLITICS,covers,implicit
323,FREIDA FRISARO,POLITICS,covers,implicit
324,James Anderson,POLITICS,covers,implicit
325,Michael Balsamo,POLITICS,covers,implicit
326,Tim Sullivan,POLITICS,covers,implicit
327,Christopher Rugaber,POLITICS,covers,implicit
328,Christopher Rugaber,BUSINESS,covers,implicit
329,LISA RATHKE,POLITICS,covers,implicit
330,CHRISTOPHER RUGABER,POLITICS,covers,implicit
331,Ashraf Khalil,POLITICS,covers,implicit
332,Kelli Kennedy,POLITICS,covers,implicit
333,Kelli Kennedy,CRIME,covers,implicit
334,JAMES ANDERSON,POLITICS,covers,implicit
335,Sean Murphy,POLITICS,covers,implicit
336,Mike Schneider,POLITICS,covers,implicit
337,Alexander C. Kaufman,POLITICS,covers,implicit
338,Alexander C. Kaufman,BUSINESS,covers,implicit
339,Curtis M. Wong,POLITICS,covers,implicit
340,Acacia Coronado,POLITICS,covers,implicit
341,Paul J. Weber,POLITICS,covers,implicit
342,Jennifer Peltz,POLITICS,covers,implicit
343,Ellen Knickmeyer,POLITICS,covers,implicit
344,Rowaida Abdelaziz,POLITICS,covers,implicit
345,Mead Gruver,POLITICS,covers,implicit
346,Nomaan Merchant,POLITICS,covers,implicit
347,Liza Hearon,POLITICS,covers,implicit
348,ELAINE GANLEY,POLITICS,covers,implicit
349,By Colleen Long,POLITICS,covers,implicit
350,Sara Burnett,POLITICS,covers,implicit
351,Kathy Gannon,POLITICS,covers,implicit
352,Kimberlee Kruesi,POLITICS,covers,implicit
353,Kimberlee Kruesi,CRIME,covers,implicit
354,Dominique Mosbergen,POLITICS,covers,implicit
355,Dominique Mosbergen,SPORTS,covers,implicit
356,Andrew DeMillo,POLITICS,covers,implicit
357,STAN CHOE,POLITICS,covers,implicit
358,DAVID BAUDER,POLITICS,covers,implicit
359,Laurie Kellman,POLITICS,covers,implicit
360,Karen Matthews,POLITICS,covers,implicit
361,Ja'han Jones,POLITICS,covers,implicit
362,Ja'han Jones,SPORTS,covers,implicit
363,MICHAEL BALSAMO,POLITICS,covers,implicit
364,Elliot Spagat,POLITICS,covers,implicit
365,Elliot Spagat,CRIME,covers,implicit
366,Matt O'Brien,POLITICS,covers,implicit
367,Hayley Miller,POLITICS,covers,implicit
368,Hayley Miller,CRIME,covers,implicit
369,Hayley Miller,SPORTS,covers,implicit
370,Stan Choe,POLITICS,covers,implicit
371,Stan Choe,BUSINESS,covers,implicit
372,JEFFREY COLLINS,POLITICS,covers,implicit
373,Collin Binkley,POLITICS,covers,implicit
374,Garance Burke,POLITICS,covers,implicit
375,Mary Clare Jalonick,POLITICS,covers,implicit
376,The Associated Press,POLITICS,covers,implicit
377,The Associated Press,SPORTS,covers,implicit
378,Hope Yen,POLITICS,covers,implicit
379,JOHN HANNA,POLITICS,covers,implicit
380,By CASEY SMITH,POLITICS,covers,implicit
381,SARAH RANKIN,POLITICS,covers,implicit
382,DAVID PITT,POLITICS,covers,implicit
383,BRIAN SLODYSKO,POLITICS,covers,implicit
384,Jeremy Blum,POLITICS,covers,implicit
385,Melissa Jeltsen,POLITICS,covers,implicit
386,NICHOLAS RICCARDI,POLITICS,covers,implicit
387,Lolita C. Baldor,POLITICS,covers,implicit
388,HuffPost Editors,POLITICS,covers,implicit
389,LOLITA C. BALDOR,POLITICS,covers,implicit
390,Jonathan Lemire,POLITICS,covers,implicit
391,Ariel Edwards-Levy,POLITICS,covers,implicit
392,MAE ANDERSON,POLITICS,covers,implicit
393,Carol Kuruvilla,POLITICS,covers,implicit
394,James LaPorta,POLITICS,covers,implicit
395,Jan Wolfe,POLITICS,covers,implicit
396,Nick Robins-Early,POLITICS,covers,implicit
397,David Morgan,POLITICS,covers,implicit
398,Zachary D. Carter,POLITICS,covers,implicit
399,Mark Sherman,POLITICS,covers,implicit
400,Joseph Ax,POLITICS,covers,implicit
401,Emily Peck,POLITICS,covers,implicit
402,Steve Gorman,POLITICS,covers,implicit
403,Jenna Amatulli,POLITICS,covers,implicit
404,Kimberley Richards,POLITICS,covers,implicit
405,Kimberley Richards,SPORTS,covers,implicit
406,Bill Barrow,POLITICS,covers,implicit
407,Matthew Daly,POLITICS,covers,implicit
408,Jeff Mason,POLITICS,covers,implicit
409,Hunter Walker,POLITICS,covers,implicit
410,JILL COLVIN,POLITICS,covers,implicit
411,Matt Fuller,POLITICS,covers,implicit
412,Ed White,POLITICS,covers,implicit
413,Ed White,CRIME,covers,implicit
414,Andrew Heavens,POLITICS,covers,implicit
415,Michael Hobbes,POLITICS,covers,implicit
416,Aakriti Bhalla,POLITICS,covers,implicit
417,Jeff Martin,POLITICS,covers,implicit
418,Lawrence Hurley,POLITICS,covers,implicit
419,David Crary,POLITICS,covers,implicit
420,Nicholas Riccardi,POLITICS,covers,implicit
421,Angela Moore,POLITICS,covers,implicit
422,Reuters Staff,POLITICS,covers,implicit
423,Jarrett Renshaw,POLITICS,covers,implicit
424,Caroline Spiezio,POLITICS,covers,implicit
425,Hugo Greenhalgh,POLITICS,covers,implicit
426,Nadine White,POLITICS,covers,implicit
427,Luke O'Brien,POLITICS,covers,implicit
428,HuffPost Staff,POLITICS,covers,implicit
429,David Eggert,POLITICS,covers,implicit
430,Edith M. Lederer,POLITICS,covers,implicit
431,charged,MOGOMOTSI MAGOME,is written by,implicit
432,charged,BRIAN MELLEY,is written by,implicit
433,charged,Ken Ritter,is written by,implicit
434,charged,Maryclaire Dale,is written by,implicit
435,charged,Elliot Spagat,is written by,implicit
436,charged,Larry Neumeister,is written by,implicit
437,charged,Michael Liedtke,is written by,implicit
438,charged,Russ Bynum,is written by,implicit
439,charged,LARRY NEUMEISTER,is written by,implicit
440,charged,Hayley Miller,is written by,implicit
441,charged,Alanna Durkin R,is written by,implicit
442,MOGOMOTSI MAGOME,CRIME,covers,implicit
443,suspect,Carolyn Thompson,is written by,implicit
444,suspect,Sebastian Murdock,is written by,implicit
445,Carolyn Thompson,CRIME,covers,implicit
446,BRIAN MELLEY,CRIME,covers,implicit
447,Ken Ritter,CRIME,covers,implicit
448,Maryclaire Dale,CRIME,covers,implicit
449,Larry Neumeister,CRIME,covers,implicit
450,Michael Liedtke,CRIME,covers,implicit
451,police,Kelli Kennedy,is written by,implicit
452,police,Lindsay Whitehurst,is written by,implicit
453,Russ Bynum,CRIME,covers,implicit
454,LARRY NEUMEISTER,CRIME,covers,implicit
455,LARRY NEUMEISTER,SPORTS,covers,implicit
456,Lindsay Whitehurst,CRIME,covers,implicit
457,Alanna Durkin R,CRIME,covers,implicit
458,attack,Kimberlee Kruesi,is written by,implicit
459,NFL,LARRY NEUMEISTER,is written by,implicit
460,NFL,Bill Bradley,is written by,implicit
461,golf,Lee Moran,is written by,implicit
462,Baseball,Josephine Harvey,is written by,implicit
463,Baseball,Ronald Blum,is written by,implicit
464,Baseball,Bernie Wilson,is written by,implicit
465,athletics,Josephine Harvey,is written by,implicit
466,athletics,JAKE SEINER,is written by,implicit
467,athletics,Paul Newberry,is written by,implicit
468,athletics,EDDIE PELLS,is written by,implicit
469,athletics,TIM REYNOLDS,is written by,implicit
470,athletics,Kimberley Richards,is written by,implicit
471,athletics,Lee Moran,is written by,implicit
472,athletics,Stephen Wade,is written by,implicit
473,football,JILL LAWLESS,is written by,implicit
474,football,Charles Odum,is written by,implicit
475,football,Frank Schwab,is written by,implicit
476,JILL LAWLESS,SPORTS,covers,implicit
477,basketball,KYLE HIGHTOWER,is written by,implicit
478,basketball,DOUG FEINBERG,is written by,implicit
479,KYLE HIGHTOWER,SPORTS,covers,implicit
480,Charles Odum,SPORTS,covers,implicit
481,Ronald Blum,SPORTS,covers,implicit
482,JAKE SEINER,SPORTS,covers,implicit
483,Paul Newberry,SPORTS,covers,implicit
484,EDDIE PELLS,SPORTS,covers,implicit
485,TIM REYNOLDS,SPORTS,covers,implicit
486,DOUG FEINBERG,SPORTS,covers,implicit
487,tennis,Lee Moran,is written by,implicit
488,tennis,MATTIAS KARÉN,is written by,implicit
489,tennis,Hayley Miller,is written by,implicit
490,tennis,Josephine Harvey,is written by,implicit
491,tennis,Ja'han Jones,is written by,implicit
492,MATTIAS KARÉN,SPORTS,covers,implicit
493,Stephen Wade,SPORTS,covers,implicit
494,Frank Schwab,SPORTS,covers,implicit
495,Bill Bradley,SPORTS,covers,implicit
496,Bernie Wilson,SPORTS,covers,implicit
497,economy,Paul Wiseman,is written by,implicit
498,economy,Christopher Rugaber,is written by,implicit
499,Paul Wiseman,BUSINESS,covers,implicit
0,Arthur Delaney,POLITICS,covers,explicit
1,Baseball,Ron Dicker,is written by,explicit
2,court,Jessica Schulberg,is written by,explicit
3,court,Marita Vlachou,is written by,explicit
4,court,Lydia O'Connor,is written by,explicit
5,court,Nick Visser,is written by,explicit
6,court,Igor Bobic,is written by,explicit
7,court,FARNOUSH AMIRI,is written by,explicit
8,court,Mary Papenfuss,is written by,explicit
9,court,Sara Boboltz,is written by,explicit
10,court,Alanna Vagianos,is written by,explicit
11,court,Eric Tucker,is written by,explicit
12,court,Jennifer Bendery,is written by,explicit
13,golf,David Moye,is written by,explicit
14,golf,Ron Dicker,is written by,explicit
15,Ben Blanchet,POLITICS,covers,explicit
16,Ben Blanchet,CRIME,covers,explicit
17,Dave Jamieson,POLITICS,covers,explicit
18,Dave Jamieson,BUSINESS,covers,explicit
19,David Moye,POLITICS,covers,explicit
20,David Moye,CRIME,covers,explicit
21,David Moye,SPORTS,covers,explicit
22,Elyse Wanshel,POLITICS,covers,explicit
23,Elyse Wanshel,SPORTS,covers,explicit
24,Associated Press,CRIME,covers,explicit
25,Lydia O'Connor,POLITICS,covers,explicit
26,suspect,Mary Papenfuss,is written by,explicit
27,suspect,Nina Golgowski,is written by,explicit
28,suspect,David Moye,is written by,explicit
29,athletics,Ron Dicker,is written by,explicit
30,athletics,David Moye,is written by,explicit
31,athletics,Hilary Hanson,is written by,explicit
32,athletics,Elyse Wanshel,is written by,explicit
33,athletics,Ed Mazza,is written by,explicit
34,athletics,Alanna Vagianos,is written by,explicit
35,athletics,Sanjana Karanth,is written by,explicit
36,Jonathan Nicholson,POLITICS,covers,explicit
37,Igor Bobic,POLITICS,covers,explicit
38,Hilary Hanson,POLITICS,covers,explicit
39,Hilary Hanson,SPORTS,covers,explicit
40,football,Ron Dicker,is written by,explicit
41,vote,Dave Jamieson,is written by,explicit
42,vote,David Moye,is written by,explicit
43,vote,Igor Bobic,is written by,explicit
44,vote,Sara Boboltz,is written by,explicit
45,vote,Mary Papenfuss,is written by,explicit
46,vote,Sanjana Karanth,is written by,explicit
47,vote,Arthur Delaney,is written by,explicit
48,vote,Nick Visser,is written by,explicit
49,vote,Ryan Grenoble,is written by,explicit
50,Nina Golgowski,POLITICS,covers,explicit
51,Nina Golgowski,CRIME,covers,explicit
52,Daniel Marans,POLITICS,covers,explicit
53,Mary Papenfuss,POLITICS,covers,explicit
54,Mary Papenfuss,CRIME,covers,explicit
55,Mary Papenfuss,SPORTS,covers,explicit
56,Mary Papenfuss,BUSINESS,covers,explicit
57,charged,Ben Blanchet,is written by,explicit
58,charged,David Moye,is written by,explicit
59,charged,Associated Press,is written by,explicit
60,charged,Sara Boboltz,is written by,explicit
61,charged,Mary Papenfuss,is written by,explicit
62,charged,Michael R. Sisak,is written by,explicit
63,charged,Terry Spencer,is written by,explicit
64,charged,Nina Golgowski,is written by,explicit
65,charged,Sanjana Karanth,is written by,explicit
66,Jill Colvin,POLITICS,covers,explicit
67,tennis,Howard Fendrich,is written by,explicit
68,tennis,Ron Dicker,is written by,explicit
69,economy,Dave Jamieson,is written by,explicit
70,CHRIS MEGERIAN,POLITICS,covers,explicit
71,Jessica Schulberg,POLITICS,covers,explicit
72,police,Nina Golgowski,is written by,explicit
73,police,Mary Papenfuss,is written by,explicit
74,Chris D'Angelo,POLITICS,covers,explicit
75,election,Marita Vlachou,is written by,explicit
76,election,Ron Dicker,is written by,explicit
77,election,Jonathan Cohn,is written by,explicit
78,election,Igor Bobic,is written by,explicit
79,election,Mary Papenfuss,is written by,explicit
80,election,Kate Brumback,is written by,explicit
81,election,Daniel Marans,is written by,explicit
82,election,David Moye,is written by,explicit
83,election,Sanjana Karanth,is written by,explicit
84,election,S.V. Date,is written by,explicit
85,election,Nick Visser,is written by,explicit
86,election,Ryan Grenoble,is written by,explicit
87,election,Lydia O'Connor,is written by,explicit
88,election,Jessica Schulberg,is written by,explicit
89,Marita Vlachou,POLITICS,covers,explicit
90,Marita Vlachou,BUSINESS,covers,explicit
91,Jonathan Cohn,POLITICS,covers,explicit
92,Jennifer Bendery,POLITICS,covers,explicit
93,republicans,Phillip Jackson,is written by,explicit
94,republicans,Mary Papenfuss,is written by,explicit
95,republicans,Sara Boboltz,is written by,explicit
96,republicans,Ed Mazza,is written by,explicit
97,republicans,Nathalie Baptiste,is written by,explicit
98,republicans,Marita Vlachou,is written by,explicit
99,republicans,Kevin Robillard,is written by,explicit
100,republicans,Nina Golgowski,is written by,explicit
101,republicans,Jonathan Nicholson,is written by,explicit
102,republicans,David Moye,is written by,explicit
103,republicans,Elyse Wanshel,is written by,explicit
104,republicans,S.V. Date,is written by,explicit
105,republicans,Ben Blanchet,is written by,explicit
106,republicans,Ryan Grenoble,is written by,explicit
107,republicans,Sanjana Karanth,is written by,explicit
108,republicans,Eric Tucker,is written by,explicit
109,republicans,Ron Dicker,is written by,explicit
110,republicans,Daniel Marans,is written by,explicit
111,republicans,Arthur Delaney,is written by,explicit
112,republicans,Jessica Schulberg,is written by,explicit
113,republicans,Alanna Vagianos,is written by,explicit
114,republicans,Lydia O'Connor,is written by,explicit
115,republicans,ACACIA CORONADO,is written by,explicit
116,republicans,Liz Skalka,is written by,explicit
117,republicans,Chris D'Angelo,is written by,explicit
118,republicans,Zeke Miller,is written by,explicit
119,republicans,Igor Bobic,is written by,explicit
120,republicans,Nick Visser,is written by,explicit
121,republicans,Jennifer Bendery,is written by,explicit
122,republicans,FARNOUSH AMIRI,is written by,explicit
123,republicans,Brian Slodysko,is written by,explicit
124,republicans,Michael R. Sisak,is written by,explicit
125,republicans,Hilary Hanson,is written by,explicit
126,republicans,Dave Jamieson,is written by,explicit
127,republicans,Jill Colvin,is written by,explicit
128,republicans,Jonathan Cohn,is written by,explicit
129,Ryan Grenoble,POLITICS,covers,explicit
130,Eric Tucker,POLITICS,covers,explicit
131,Eric Tucker,BUSINESS,covers,explicit
132,ACACIA CORONADO,POLITICS,covers,explicit
133,Brian Slodysko,POLITICS,covers,explicit
134,technology,Eric Tucker,is written by,explicit
135,technology,Mary Papenfuss,is written by,explicit
136,HOWARD FENDRICH,SPORTS,covers,explicit
137,Liz Skalka,POLITICS,covers,explicit
138,Nathalie Baptiste,POLITICS,covers,explicit
139,trump,Mary Papenfuss,is written by,explicit
140,trump,Sara Boboltz,is written by,explicit
141,trump,Ron Dicker,is written by,explicit
142,trump,Michael R. Sisak,is written by,explicit
143,trump,Nina Golgowski,is written by,explicit
144,trump,Jill Colvin,is written by,explicit
145,trump,Ed Mazza,is written by,explicit
146,trump,S.V. Date,is written by,explicit
147,trump,David Moye,is written by,explicit
148,trump,Igor Bobic,is written by,explicit
149,trump,Ryan Grenoble,is written by,explicit
150,trump,Nick Visser,is written by,explicit
151,trump,Arthur Delaney,is written by,explicit
152,trump,Dave Jamieson,is written by,explicit
153,trump,Chris D'Angelo,is written by,explicit
154,trump,Sanjana Karanth,is written by,explicit
155,trump,Kevin Robillard,is written by,explicit
156,trump,Hilary Hanson,is written by,explicit
157,S.V. Date,POLITICS,covers,explicit
158,FARNOUSH AMIRI,POLITICS,covers,explicit
159,Andy Campbell,POLITICS,covers,explicit
160,basketball,Hilary Hanson,is written by,explicit
161,basketball,Ron Dicker,is written by,explicit
162,basketball,Nick Visser,is written by,explicit
163,basketball,Mary Papenfuss,is written by,explicit
164,donald,Mary Papenfuss,is written by,explicit
165,donald,Nick Visser,is written by,explicit
166,Zeke Miller,POLITICS,covers,explicit
167,Ron Dicker,POLITICS,covers,explicit
168,Ron Dicker,SPORTS,covers,explicit
169,Sanjana Karanth,POLITICS,covers,explicit
170,Sanjana Karanth,CRIME,covers,explicit
171,Sanjana Karanth,SPORTS,covers,explicit
172,capitol,Mary Papenfuss,is written by,explicit
173,capitol,Igor Bobic,is written by,explicit
174,capitol,Sanjana Karanth,is written by,explicit
175,capitol,Nick Visser,is written by,explicit
176,capitol,Nina Golgowski,is written by,explicit
177,capitol,Ed Mazza,is written by,explicit
178,Alanna Vagianos,POLITICS,covers,explicit
179,Alanna Vagianos,SPORTS,covers,explicit
180,Terry Spencer,CRIME,covers,explicit
181,NFL,Ron Dicker,is written by,explicit
182,NFL,David Moye,is written by,explicit
183,Phillip Jackson,POLITICS,covers,explicit
184,Phillip Jackson,CRIME,covers,explicit
185,Sara Boboltz,POLITICS,covers,explicit
186,Sara Boboltz,CRIME,covers,explicit
187,Howard Fendrich,SPORTS,covers,explicit
188,Kevin Robillard,POLITICS,covers,explicit
189,Michael R. Sisak,POLITICS,covers,explicit
190,Michael R. Sisak,CRIME,covers,explicit
191,biden,Ben Blanchet,is written by,explicit
192,biden,Andy Campbell,is written by,explicit
193,biden,Mary Papenfuss,is written by,explicit
194,biden,David Moye,is written by,explicit
195,biden,Kevin Robillard,is written by,explicit
196,biden,Marita Vlachou,is written by,explicit
197,biden,Nick Visser,is written by,explicit
198,biden,Arthur Delaney,is written by,explicit
199,biden,CHRIS MEGERIAN,is written by,explicit
200,biden,Alanna Vagianos,is written by,explicit
201,biden,S.V. Date,is written by,explicit
202,biden,Liz Skalka,is written by,explicit
203,biden,Lydia O'Connor,is written by,explicit
204,biden,Ed Mazza,is written by,explicit
205,biden,Sanjana Karanth,is written by,explicit
206,biden,Ron Dicker,is written by,explicit
207,biden,Hilary Hanson,is written by,explicit
208,biden,Ryan Grenoble,is written by,explicit
209,biden,Jessica Schulberg,is written by,explicit
210,biden,Dave Jamieson,is written by,explicit
211,biden,Chris D'Angelo,is written by,explicit
212,biden,Jonathan Cohn,is written by,explicit
213,biden,Igor Bobic,is written by,explicit
214,biden,Jennifer Bendery,is written by,explicit
215,biden,Sara Boboltz,is written by,explicit
216,biden,Daniel Marans,is written by,explicit
217,biden,Elyse Wanshel,is written by,explicit
218,biden,Eric Tucker,is written by,explicit
219,biden,Nina Golgowski,is written by,explicit
220,Ed Mazza,POLITICS,covers,explicit
221,Ed Mazza,SPORTS,covers,explicit
222,Kate Brumback,POLITICS,covers,explicit
223,Nick Visser,POLITICS,covers,explicit
224,Nick Visser,CRIME,covers,explicit
225,Nick Visser,SPORTS,covers,explicit
226,democrats,Kevin Robillard,is written by,explicit
227,democrats,Nina Golgowski,is written by,explicit
228,democrats,Daniel Marans,is written by,explicit
229,democrats,Ryan Grenoble,is written by,explicit
230,democrats,Dave Jamieson,is written by,explicit
231,democrats,Igor Bobic,is written by,explicit
232,democrats,David Moye,is written by,explicit
233,democrats,Jonathan Cohn,is written by,explicit
234,democrats,Sanjana Karanth,is written by,explicit
235,democrats,Alanna Vagianos,is written by,explicit
236,democrats,Nick Visser,is written by,explicit
237,democrats,Mary Papenfuss,is written by,explicit
238,democrats,Lydia O'Connor,is written by,explicit
239,democrats,Sara Boboltz,is written by,explicit
240,democrats,Jessica Schulberg,is written by,explicit
241,democrats,Chris D'Angelo,is written by,explicit
242,democrats,Ron Dicker,is written by,explicit
243,democrats,Jennifer Bendery,is written by,explicit
244,democrats,Ed Mazza,is written by,explicit
245,court,Arthur Delaney,is written by,explicit
246,Baseball,Arthur Delaney,is written by,explicit
247,golf,Arthur Delaney,is written by,explicit
248,suspect,Arthur Delaney,is written by,explicit
249,athletics,Arthur Delaney,is written by,explicit
250,attack,Arthur Delaney,is written by,explicit
251,football,Arthur Delaney,is written by,explicit
252,charged,Arthur Delaney,is written by,explicit
253,tennis,Arthur Delaney,is written by,explicit
254,economy,Arthur Delaney,is written by,explicit
255,police,Arthur Delaney,is written by,explicit
256,election,Arthur Delaney,is written by,explicit
257,technology,Arthur Delaney,is written by,explicit
258,basketball,Arthur Delaney,is written by,explicit
259,donald,Arthur Delaney,is written by,explicit
260,capitol,Arthur Delaney,is written by,explicit
261,NFL,Arthur Delaney,is written by,explicit
262,democrats,Arthur Delaney,is written by,explicit
263,Arthur Delaney,CRIME,covers,explicit
264,Arthur Delaney,BUSINESS,covers,explicit
265,Arthur Delaney,SPORTS,covers,explicit
266,court,Ben Blanchet,is written by,explicit
267,Baseball,Ben Blanchet,is written by,explicit
268,golf,Ben Blanchet,is written by,explicit
269,suspect,Ben Blanchet,is written by,explicit
270,athletics,Ben Blanchet,is written by,explicit
271,attack,Ben Blanchet,is written by,explicit
272,football,Ben Blanchet,is written by,explicit
273,vote,Ben Blanchet,is written by,explicit
274,tennis,Ben Blanchet,is written by,explicit
275,economy,Ben Blanchet,is written by,explicit
276,police,Ben Blanchet,is written by,explicit
277,election,Ben Blanchet,is written by,explicit
278,technology,Ben Blanchet,is written by,explicit
279,trump,Ben Blanchet,is written by,explicit
280,basketball,Ben Blanchet,is written by,explicit
281,donald,Ben Blanchet,is written by,explicit
282,capitol,Ben Blanchet,is written by,explicit
283,NFL,Ben Blanchet,is written by,explicit
284,democrats,Ben Blanchet,is written by,explicit
285,Ben Blanchet,BUSINESS,covers,explicit
286,Ben Blanchet,SPORTS,covers,explicit
287,court,Dave Jamieson,is written by,explicit
288,Baseball,Dave Jamieson,is written by,explicit
289,golf,Dave Jamieson,is written by,explicit
290,suspect,Dave Jamieson,is written by,explicit
291,athletics,Dave Jamieson,is written by,explicit
292,attack,Dave Jamieson,is written by,explicit
293,football,Dave Jamieson,is written by,explicit
294,charged,Dave Jamieson,is written by,explicit
295,tennis,Dave Jamieson,is written by,explicit
296,police,Dave Jamieson,is written by,explicit
297,election,Dave Jamieson,is written by,explicit
298,technology,Dave Jamieson,is written by,explicit
299,basketball,Dave Jamieson,is written by,explicit
300,donald,Dave Jamieson,is written by,explicit
301,capitol,Dave Jamieson,is written by,explicit
302,NFL,Dave Jamieson,is written by,explicit
303,Dave Jamieson,CRIME,covers,explicit
304,Dave Jamieson,SPORTS,covers,explicit
305,court,David Moye,is written by,explicit
306,Baseball,David Moye,is written by,explicit
307,attack,David Moye,is written by,explicit
308,football,David Moye,is written by,explicit
309,tennis,David Moye,is written by,explicit
310,economy,David Moye,is written by,explicit
311,police,David Moye,is written by,explicit
312,technology,David Moye,is written by,explicit
313,basketball,David Moye,is written by,explicit
314,donald,David Moye,is written by,explicit
315,capitol,David Moye,is written by,explicit
316,David Moye,BUSINESS,covers,explicit
317,court,Elyse Wanshel,is written by,explicit
318,Baseball,Elyse Wanshel,is written by,explicit
319,golf,Elyse Wanshel,is written by,explicit
320,suspect,Elyse Wanshel,is written by,explicit
321,attack,Elyse Wanshel,is written by,explicit
322,football,Elyse Wanshel,is written by,explicit
323,vote,Elyse Wanshel,is written by,explicit
324,charged,Elyse Wanshel,is written by,explicit
325,tennis,Elyse Wanshel,is written by,explicit
326,economy,Elyse Wanshel,is written by,explicit
327,police,Elyse Wanshel,is written by,explicit
328,election,Elyse Wanshel,is written by,explicit
329,technology,Elyse Wanshel,is written by,explicit
330,trump,Elyse Wanshel,is written by,explicit
331,basketball,Elyse Wanshel,is written by,explicit
332,donald,Elyse Wanshel,is written by,explicit
333,capitol,Elyse Wanshel,is written by,explicit
334,NFL,Elyse Wanshel,is written by,explicit
335,democrats,Elyse Wanshel,is written by,explicit
336,Elyse Wanshel,CRIME,covers,explicit
337,Elyse Wanshel,BUSINESS,covers,explicit
338,court,Associated Press,is written by,explicit
339,Baseball,Associated Press,is written by,explicit
340,golf,Associated Press,is written by,explicit
341,suspect,Associated Press,is written by,explicit
342,athletics,Associated Press,is written by,explicit
343,attack,Associated Press,is written by,explicit
344,football,Associated Press,is written by,explicit
345,vote,Associated Press,is written by,explicit
346,tennis,Associated Press,is written by,explicit
347,economy,Associated Press,is written by,explicit
348,police,Associated Press,is written by,explicit
349,election,Associated Press,is written by,explicit
350,republicans,Associated Press,is written by,explicit
351,technology,Associated Press,is written by,explicit
352,trump,Associated Press,is written by,explicit
353,basketball,Associated Press,is written by,explicit
354,donald,Associated Press,is written by,explicit
355,capitol,Associated Press,is written by,explicit
356,NFL,Associated Press,is written by,explicit
357,biden,Associated Press,is written by,explicit
358,democrats,Associated Press,is written by,explicit
359,Associated Press,POLITICS,covers,explicit
360,Associated Press,BUSINESS,covers,explicit
361,Associated Press,SPORTS,covers,explicit
362,Baseball,Lydia O'Connor,is written by,explicit
363,golf,Lydia O'Connor,is written by,explicit
364,suspect,Lydia O'Connor,is written by,explicit
365,athletics,Lydia O'Connor,is written by,explicit
366,attack,Lydia O'Connor,is written by,explicit
367,football,Lydia O'Connor,is written by,explicit
368,vote,Lydia O'Connor,is written by,explicit
369,charged,Lydia O'Connor,is written by,explicit
370,tennis,Lydia O'Connor,is written by,explicit
371,economy,Lydia O'Connor,is written by,explicit
372,police,Lydia O'Connor,is written by,explicit
373,technology,Lydia O'Connor,is written by,explicit
374,trump,Lydia O'Connor,is written by,explicit
375,basketball,Lydia O'Connor,is written by,explicit
376,donald,Lydia O'Connor,is written by,explicit
377,capitol,Lydia O'Connor,is written by,explicit
378,NFL,Lydia O'Connor,is written by,explicit
379,Lydia O'Connor,CRIME,covers,explicit
380,Lydia O'Connor,BUSINESS,covers,explicit
381,Lydia O'Connor,SPORTS,covers,explicit
382,court,Jonathan Nicholson,is written by,explicit
383,Baseball,Jonathan Nicholson,is written by,explicit
384,golf,Jonathan Nicholson,is written by,explicit
385,suspect,Jonathan Nicholson,is written by,explicit
386,athletics,Jonathan Nicholson,is written by,explicit
387,attack,Jonathan Nicholson,is written by,explicit
388,football,Jonathan Nicholson,is written by,explicit
389,vote,Jonathan Nicholson,is written by,explicit
390,charged,Jonathan Nicholson,is written by,explicit
391,tennis,Jonathan Nicholson,is written by,explicit
392,economy,Jonathan Nicholson,is written by,explicit
393,police,Jonathan Nicholson,is written by,explicit
394,election,Jonathan Nicholson,is written by,explicit
395,technology,Jonathan Nicholson,is written by,explicit
396,trump,Jonathan Nicholson,is written by,explicit
397,basketball,Jonathan Nicholson,is written by,explicit
398,donald,Jonathan Nicholson,is written by,explicit
399,capitol,Jonathan Nicholson,is written by,explicit
400,NFL,Jonathan Nicholson,is written by,explicit
401,biden,Jonathan Nicholson,is written by,explicit
402,democrats,Jonathan Nicholson,is written by,explicit
403,Jonathan Nicholson,CRIME,covers,explicit
404,Jonathan Nicholson,BUSINESS,covers,explicit
405,Jonathan Nicholson,SPORTS,covers,explicit
406,Baseball,Igor Bobic,is written by,explicit
407,golf,Igor Bobic,is written by,explicit
408,suspect,Igor Bobic,is written by,explicit
409,athletics,Igor Bobic,is written by,explicit
410,attack,Igor Bobic,is written by,explicit
411,football,Igor Bobic,is written by,explicit
412,charged,Igor Bobic,is written by,explicit
413,tennis,Igor Bobic,is written by,explicit
414,economy,Igor Bobic,is written by,explicit
415,police,Igor Bobic,is written by,explicit
416,technology,Igor Bobic,is written by,explicit
417,basketball,Igor Bobic,is written by,explicit
418,donald,Igor Bobic,is written by,explicit
419,NFL,Igor Bobic,is written by,explicit
420,Igor Bobic,CRIME,covers,explicit
421,Igor Bobic,BUSINESS,covers,explicit
422,Igor Bobic,SPORTS,covers,explicit
423,court,Hilary Hanson,is written by,explicit
424,Baseball,Hilary Hanson,is written by,explicit
425,golf,Hilary Hanson,is written by,explicit
426,suspect,Hilary Hanson,is written by,explicit
427,attack,Hilary Hanson,is written by,explicit
428,football,Hilary Hanson,is written by,explicit
429,vote,Hilary Hanson,is written by,explicit
430,charged,Hilary Hanson,is written by,explicit
431,tennis,Hilary Hanson,is written by,explicit
432,economy,Hilary Hanson,is written by,explicit
433,police,Hilary Hanson,is written by,explicit
434,election,Hilary Hanson,is written by,explicit
435,technology,Hilary Hanson,is written by,explicit
436,donald,Hilary Hanson,is written by,explicit
437,capitol,Hilary Hanson,is written by,explicit
438,NFL,Hilary Hanson,is written by,explicit
439,democrats,Hilary Hanson,is written by,explicit
440,Hilary Hanson,CRIME,covers,explicit
441,Hilary Hanson,BUSINESS,covers,explicit
442,court,Daniel Marans,is written by,explicit
443,Baseball,Daniel Marans,is written by,explicit
444,golf,Daniel Marans,is written by,explicit
445,suspect,Daniel Marans,is written by,explicit
446,athletics,Daniel Marans,is written by,explicit
447,attack,Daniel Marans,is written by,explicit
448,football,Daniel Marans,is written by,explicit
449,vote,Daniel Marans,is written by,explicit
450,charged,Daniel Marans,is written by,explicit
451,tennis,Daniel Marans,is written by,explicit
452,economy,Daniel Marans,is written by,explicit
453,police,Daniel Marans,is written by,explicit
454,technology,Daniel Marans,is written by,explicit
455,trump,Daniel Marans,is written by,explicit
456,basketball,Daniel Marans,is written by,explicit
457,donald,Daniel Marans,is written by,explicit
458,capitol,Daniel Marans,is written by,explicit
459,NFL,Daniel Marans,is written by,explicit
460,Daniel Marans,CRIME,covers,explicit
461,Daniel Marans,BUSINESS,covers,explicit
462,Daniel Marans,SPORTS,covers,explicit
463,court,Nina Golgowski,is written by,explicit
464,Baseball,Nina Golgowski,is written by,explicit
465,golf,Nina Golgowski,is written by,explicit
466,athletics,Nina Golgowski,is written by,explicit
467,attack,Nina Golgowski,is written by,explicit
468,football,Nina Golgowski,is written by,explicit
469,vote,Nina Golgowski,is written by,explicit
470,tennis,Nina Golgowski,is written by,explicit
471,economy,Nina Golgowski,is written by,explicit
472,election,Nina Golgowski,is written by,explicit
473,technology,Nina Golgowski,is written by,explicit
474,basketball,Nina Golgowski,is written by,explicit
475,donald,Nina Golgowski,is written by,explicit
476,NFL,Nina Golgowski,is written by,explicit
477,Nina Golgowski,BUSINESS,covers,explicit
478,Nina Golgowski,SPORTS,covers,explicit
479,court,Jill Colvin,is written by,explicit
480,Baseball,Jill Colvin,is written by,explicit
481,golf,Jill Colvin,is written by,explicit
482,suspect,Jill Colvin,is written by,explicit
483,athletics,Jill Colvin,is written by,explicit
484,attack,Jill Colvin,is written by,explicit
485,football,Jill Colvin,is written by,explicit
486,vote,Jill Colvin,is written by,explicit
487,charged,Jill Colvin,is written by,explicit
488,tennis,Jill Colvin,is written by,explicit
489,economy,Jill Colvin,is written by,explicit
490,police,Jill Colvin,is written by,explicit
491,election,Jill Colvin,is written by,explicit
492,technology,Jill Colvin,is written by,explicit
493,basketball,Jill Colvin,is written by,explicit
494,donald,Jill Colvin,is written by,explicit
495,capitol,Jill Colvin,is written by,explicit
496,NFL,Jill Colvin,is written by,explicit
497,biden,Jill Colvin,is written by,explicit
498,democrats,Jill Colvin,is written by,explicit
499,Jill Colvin,CRIME,covers,explicit
500,Jill Colvin,BUSINESS,covers,explicit
501,Jill Colvin,SPORTS,covers,explicit
502,Baseball,Mary Papenfuss,is written by,explicit
503,golf,Mary Papenfuss,is written by,explicit
504,athletics,Mary Papenfuss,is written by,explicit
505,attack,Mary Papenfuss,is written by,explicit
506,football,Mary Papenfuss,is written by,explicit
507,tennis,Mary Papenfuss,is written by,explicit
508,economy,Mary Papenfuss,is written by,explicit
509,NFL,Mary Papenfuss,is written by,explicit
510,court,CHRIS MEGERIAN,is written by,explicit
511,Baseball,CHRIS MEGERIAN,is written by,explicit
512,golf,CHRIS MEGERIAN,is written by,explicit
513,suspect,CHRIS MEGERIAN,is written by,explicit
514,athletics,CHRIS MEGERIAN,is written by,explicit
515,attack,CHRIS MEGERIAN,is written by,explicit
516,football,CHRIS MEGERIAN,is written by,explicit
517,vote,CHRIS MEGERIAN,is written by,explicit
518,charged,CHRIS MEGERIAN,is written by,explicit
519,tennis,CHRIS MEGERIAN,is written by,explicit
520,economy,CHRIS MEGERIAN,is written by,explicit
521,police,CHRIS MEGERIAN,is written by,explicit
522,election,CHRIS MEGERIAN,is written by,explicit
523,republicans,CHRIS MEGERIAN,is written by,explicit
524,technology,CHRIS MEGERIAN,is written by,explicit
525,trump,CHRIS MEGERIAN,is written by,explicit
526,basketball,CHRIS MEGERIAN,is written by,explicit
527,donald,CHRIS MEGERIAN,is written by,explicit
528,capitol,CHRIS MEGERIAN,is written by,explicit
529,NFL,CHRIS MEGERIAN,is written by,explicit
530,democrats,CHRIS MEGERIAN,is written by,explicit
531,CHRIS MEGERIAN,CRIME,covers,explicit
532,CHRIS MEGERIAN,BUSINESS,covers,explicit
533,CHRIS MEGERIAN,SPORTS,covers,explicit
534,Baseball,Jessica Schulberg,is written by,explicit
535,golf,Jessica Schulberg,is written by,explicit
536,suspect,Jessica Schulberg,is written by,explicit
537,athletics,Jessica Schulberg,is written by,explicit
538,attack,Jessica Schulberg,is written by,explicit
539,football,Jessica Schulberg,is written by,explicit
540,vote,Jessica Schulberg,is written by,explicit
541,charged,Jessica Schulberg,is written by,explicit
542,tennis,Jessica Schulberg,is written by,explicit
543,economy,Jessica Schulberg,is written by,explicit
544,police,Jessica Schulberg,is written by,explicit
545,technology,Jessica Schulberg,is written by,explicit
546,trump,Jessica Schulberg,is written by,explicit
547,basketball,Jessica Schulberg,is written by,explicit
548,donald,Jessica Schulberg,is written by,explicit
549,capitol,Jessica Schulberg,is written by,explicit
550,NFL,Jessica Schulberg,is written by,explicit
551,Jessica Schulberg,CRIME,covers,explicit
552,Jessica Schulberg,BUSINESS,covers,explicit
553,Jessica Schulberg,SPORTS,covers,explicit
554,court,Chris D'Angelo,is written by,explicit
555,Baseball,Chris D'Angelo,is written by,explicit
556,golf,Chris D'Angelo,is written by,explicit
557,suspect,Chris D'Angelo,is written by,explicit
558,athletics,Chris D'Angelo,is written by,explicit
559,attack,Chris D'Angelo,is written by,explicit
560,football,Chris D'Angelo,is written by,explicit
561,vote,Chris D'Angelo,is written by,explicit
562,charged,Chris D'Angelo,is written by,explicit
563,tennis,Chris D'Angelo,is written by,explicit
564,economy,Chris D'Angelo,is written by,explicit
565,police,Chris D'Angelo,is written by,explicit
566,election,Chris D'Angelo,is written by,explicit
567,technology,Chris D'Angelo,is written by,explicit
568,basketball,Chris D'Angelo,is written by,explicit
569,donald,Chris D'Angelo,is written by,explicit
570,capitol,Chris D'Angelo,is written by,explicit
571,NFL,Chris D'Angelo,is written by,explicit
572,Chris D'Angelo,CRIME,covers,explicit
573,Chris D'Angelo,BUSINESS,covers,explicit
574,Chris D'Angelo,SPORTS,covers,explicit
575,Baseball,Marita Vlachou,is written by,explicit
576,golf,Marita Vlachou,is written by,explicit
577,suspect,Marita Vlachou,is written by,explicit
578,athletics,Marita Vlachou,is written by,explicit
579,attack,Marita Vlachou,is written by,explicit
580,football,Marita Vlachou,is written by,explicit
581,vote,Marita Vlachou,is written by,explicit
582,charged,Marita Vlachou,is written by,explicit
583,tennis,Marita Vlachou,is written by,explicit
584,economy,Marita Vlachou,is written by,explicit
585,police,Marita Vlachou,is written by,explicit
586,technology,Marita Vlachou,is written by,explicit
587,trump,Marita Vlachou,is written by,explicit
588,basketball,Marita Vlachou,is written by,explicit
589,donald,Marita Vlachou,is written by,explicit
590,capitol,Marita Vlachou,is written by,explicit
591,NFL,Marita Vlachou,is written by,explicit
592,democrats,Marita Vlachou,is written by,explicit
593,Marita Vlachou,CRIME,covers,explicit
594,Marita Vlachou,SPORTS,covers,explicit
595,court,Jonathan Cohn,is written by,explicit
596,Baseball,Jonathan Cohn,is written by,explicit
597,golf,Jonathan Cohn,is written by,explicit
598,suspect,Jonathan Cohn,is written by,explicit
599,athletics,Jonathan Cohn,is written by,explicit
600,attack,Jonathan Cohn,is written by,explicit
601,football,Jonathan Cohn,is written by,explicit
602,vote,Jonathan Cohn,is written by,explicit
603,charged,Jonathan Cohn,is written by,explicit
604,tennis,Jonathan Cohn,is written by,explicit
605,economy,Jonathan Cohn,is written by,explicit
606,police,Jonathan Cohn,is written by,explicit
607,technology,Jonathan Cohn,is written by,explicit
608,trump,Jonathan Cohn,is written by,explicit
609,basketball,Jonathan Cohn,is written by,explicit
610,donald,Jonathan Cohn,is written by,explicit
611,capitol,Jonathan Cohn,is written by,explicit
612,NFL,Jonathan Cohn,is written by,explicit
613,Jonathan Cohn,CRIME,covers,explicit
614,Jonathan Cohn,BUSINESS,covers,explicit
615,Jonathan Cohn,SPORTS,covers,explicit
616,Baseball,Jennifer Bendery,is written by,explicit
617,golf,Jennifer Bendery,is written by,explicit
618,suspect,Jennifer Bendery,is written by,explicit
619,athletics,Jennifer Bendery,is written by,explicit
620,attack,Jennifer Bendery,is written by,explicit
621,football,Jennifer Bendery,is written by,explicit
622,vote,Jennifer Bendery,is written by,explicit
623,charged,Jennifer Bendery,is written by,explicit
624,tennis,Jennifer Bendery,is written by,explicit
625,economy,Jennifer Bendery,is written by,explicit
626,police,Jennifer Bendery,is written by,explicit
627,election,Jennifer Bendery,is written by,explicit
628,technology,Jennifer Bendery,is written by,explicit
629,trump,Jennifer Bendery,is written by,explicit
630,basketball,Jennifer Bendery,is written by,explicit
631,donald,Jennifer Bendery,is written by,explicit
632,capitol,Jennifer Bendery,is written by,explicit
633,NFL,Jennifer Bendery,is written by,explicit
634,Jennifer Bendery,CRIME,covers,explicit
635,Jennifer Bendery,BUSINESS,covers,explicit
636,Jennifer Bendery,SPORTS,covers,explicit
637,court,Ryan Grenoble,is written by,explicit
638,Baseball,Ryan Grenoble,is written by,explicit
639,golf,Ryan Grenoble,is written by,explicit
640,suspect,Ryan Grenoble,is written by,explicit
641,athletics,Ryan Grenoble,is written by,explicit
642,attack,Ryan Grenoble,is written by,explicit
643,football,Ryan Grenoble,is written by,explicit
644,charged,Ryan Grenoble,is written by,explicit
645,tennis,Ryan Grenoble,is written by,explicit
646,economy,Ryan Grenoble,is written by,explicit
647,police,Ryan Grenoble,is written by,explicit
648,technology,Ryan Grenoble,is written by,explicit
649,basketball,Ryan Grenoble,is written by,explicit
650,donald,Ryan Grenoble,is written by,explicit
651,capitol,Ryan Grenoble,is written by,explicit
652,NFL,Ryan Grenoble,is written by,explicit
653,Ryan Grenoble,CRIME,covers,explicit
654,Ryan Grenoble,BUSINESS,covers,explicit
655,Ryan Grenoble,SPORTS,covers,explicit
656,Baseball,Eric Tucker,is written by,explicit
657,golf,Eric Tucker,is written by,explicit
658,suspect,Eric Tucker,is written by,explicit
659,athletics,Eric Tucker,is written by,explicit
660,attack,Eric Tucker,is written by,explicit
661,football,Eric Tucker,is written by,explicit
662,vote,Eric Tucker,is written by,explicit
663,charged,Eric Tucker,is written by,explicit
664,tennis,Eric Tucker,is written by,explicit
665,economy,Eric Tucker,is written by,explicit
666,police,Eric Tucker,is written by,explicit
667,election,Eric Tucker,is written by,explicit
668,trump,Eric Tucker,is written by,explicit
669,basketball,Eric Tucker,is written by,explicit
670,donald,Eric Tucker,is written by,explicit
671,capitol,Eric Tucker,is written by,explicit
672,NFL,Eric Tucker,is written by,explicit
673,democrats,Eric Tucker,is written by,explicit
674,Eric Tucker,CRIME,covers,explicit
675,Eric Tucker,SPORTS,covers,explicit
676,court,ACACIA CORONADO,is written by,explicit
677,Baseball,ACACIA CORONADO,is written by,explicit
678,golf,ACACIA CORONADO,is written by,explicit
679,suspect,ACACIA CORONADO,is written by,explicit
680,athletics,ACACIA CORONADO,is written by,explicit
681,attack,ACACIA CORONADO,is written by,explicit
682,football,ACACIA CORONADO,is written by,explicit
683,vote,ACACIA CORONADO,is written by,explicit
684,charged,ACACIA CORONADO,is written by,explicit
685,tennis,ACACIA CORONADO,is written by,explicit
686,economy,ACACIA CORONADO,is written by,explicit
687,police,ACACIA CORONADO,is written by,explicit
688,election,ACACIA CORONADO,is written by,explicit
689,technology,ACACIA CORONADO,is written by,explicit
690,trump,ACACIA CORONADO,is written by,explicit
691,basketball,ACACIA CORONADO,is written by,explicit
692,donald,ACACIA CORONADO,is written by,explicit
693,capitol,ACACIA CORONADO,is written by,explicit
694,NFL,ACACIA CORONADO,is written by,explicit
695,biden,ACACIA CORONADO,is written by,explicit
696,democrats,ACACIA CORONADO,is written by,explicit
697,ACACIA CORONADO,CRIME,covers,explicit
698,ACACIA CORONADO,BUSINESS,covers,explicit
699,ACACIA CORONADO,SPORTS,covers,explicit
700,court,Brian Slodysko,is written by,explicit
701,Baseball,Brian Slodysko,is written by,explicit
702,golf,Brian Slodysko,is written by,explicit
703,suspect,Brian Slodysko,is written by,explicit
704,athletics,Brian Slodysko,is written by,explicit
705,attack,Brian Slodysko,is written by,explicit
706,football,Brian Slodysko,is written by,explicit
707,vote,Brian Slodysko,is written by,explicit
708,charged,Brian Slodysko,is written by,explicit
709,tennis,Brian Slodysko,is written by,explicit
710,economy,Brian Slodysko,is written by,explicit
711,police,Brian Slodysko,is written by,explicit
712,election,Brian Slodysko,is written by,explicit
713,technology,Brian Slodysko,is written by,explicit
714,trump,Brian Slodysko,is written by,explicit
715,basketball,Brian Slodysko,is written by,explicit
716,donald,Brian Slodysko,is written by,explicit
717,capitol,Brian Slodysko,is written by,explicit
718,NFL,Brian Slodysko,is written by,explicit
719,biden,Brian Slodysko,is written by,explicit
720,democrats,Brian Slodysko,is written by,explicit
721,Brian Slodysko,CRIME,covers,explicit
722,Brian Slodysko,BUSINESS,covers,explicit
723,Brian Slodysko,SPORTS,covers,explicit
724,court,HOWARD FENDRICH,is written by,explicit
725,Baseball,HOWARD FENDRICH,is written by,explicit
726,golf,HOWARD FENDRICH,is written by,explicit
727,suspect,HOWARD FENDRICH,is written by,explicit
728,athletics,HOWARD FENDRICH,is written by,explicit
729,attack,HOWARD FENDRICH,is written by,explicit
730,football,HOWARD FENDRICH,is written by,explicit
731,vote,HOWARD FENDRICH,is written by,explicit
732,charged,HOWARD FENDRICH,is written by,explicit
733,tennis,HOWARD FENDRICH,is written by,explicit
734,economy,HOWARD FENDRICH,is written by,explicit
735,police,HOWARD FENDRICH,is written by,explicit
736,election,HOWARD FENDRICH,is written by,explicit
737,republicans,HOWARD FENDRICH,is written by,explicit
738,technology,HOWARD FENDRICH,is written by,explicit
739,trump,HOWARD FENDRICH,is written by,explicit
740,basketball,HOWARD FENDRICH,is written by,explicit
741,donald,HOWARD FENDRICH,is written by,explicit
742,capitol,HOWARD FENDRICH,is written by,explicit
743,NFL,HOWARD FENDRICH,is written by,explicit
744,biden,HOWARD FENDRICH,is written by,explicit
745,democrats,HOWARD FENDRICH,is written by,explicit
746,HOWARD FENDRICH,CRIME,covers,explicit
747,HOWARD FENDRICH,POLITICS,covers,explicit
748,HOWARD FENDRICH,BUSINESS,covers,explicit
749,court,Liz Skalka,is written by,explicit
750,Baseball,Liz Skalka,is written by,explicit
751,golf,Liz Skalka,is written by,explicit
752,suspect,Liz Skalka,is written by,explicit
753,athletics,Liz Skalka,is written by,explicit
754,attack,Liz Skalka,is written by,explicit
755,football,Liz Skalka,is written by,explicit
756,vote,Liz Skalka,is written by,explicit
757,charged,Liz Skalka,is written by,explicit
758,tennis,Liz Skalka,is written by,explicit
759,economy,Liz Skalka,is written by,explicit
760,police,Liz Skalka,is written by,explicit
761,election,Liz Skalka,is written by,explicit
762,technology,Liz Skalka,is written by,explicit
763,trump,Liz Skalka,is written by,explicit
764,basketball,Liz Skalka,is written by,explicit
765,donald,Liz Skalka,is written by,explicit
766,capitol,Liz Skalka,is written by,explicit
767,NFL,Liz Skalka,is written by,explicit
768,democrats,Liz Skalka,is written by,explicit
769,Liz Skalka,CRIME,covers,explicit
770,Liz Skalka,BUSINESS,covers,explicit
771,Liz Skalka,SPORTS,covers,explicit
772,court,Nathalie Baptiste,is written by,explicit
773,Baseball,Nathalie Baptiste,is written by,explicit
774,golf,Nathalie Baptiste,is written by,explicit
775,suspect,Nathalie Baptiste,is written by,explicit
776,athletics,Nathalie Baptiste,is written by,explicit
777,attack,Nathalie Baptiste,is written by,explicit
778,football,Nathalie Baptiste,is written by,explicit
779,vote,Nathalie Baptiste,is written by,explicit
780,charged,Nathalie Baptiste,is written by,explicit
781,tennis,Nathalie Baptiste,is written by,explicit
782,economy,Nathalie Baptiste,is written by,explicit
783,police,Nathalie Baptiste,is written by,explicit
784,election,Nathalie Baptiste,is written by,explicit
785,technology,Nathalie Baptiste,is written by,explicit
786,trump,Nathalie Baptiste,is written by,explicit
787,basketball,Nathalie Baptiste,is written by,explicit
788,donald,Nathalie Baptiste,is written by,explicit
789,capitol,Nathalie Baptiste,is written by,explicit
790,NFL,Nathalie Baptiste,is written by,explicit
791,biden,Nathalie Baptiste,is written by,explicit
792,democrats,Nathalie Baptiste,is written by,explicit
793,Nathalie Baptiste,CRIME,covers,explicit
794,Nathalie Baptiste,BUSINESS,covers,explicit
795,Nathalie Baptiste,SPORTS,covers,explicit
796,court,S.V. Date,is written by,explicit
797,Baseball,S.V. Date,is written by,explicit
798,golf,S.V. Date,is written by,explicit
799,suspect,S.V. Date,is written by,explicit
800,athletics,S.V. Date,is written by,explicit
801,attack,S.V. Date,is written by,explicit
802,football,S.V. Date,is written by,explicit
803,vote,S.V. Date,is written by,explicit
804,charged,S.V. Date,is written by,explicit
805,tennis,S.V. Date,is written by,explicit
806,economy,S.V. Date,is written by,explicit
807,police,S.V. Date,is written by,explicit
808,technology,S.V. Date,is written by,explicit
809,basketball,S.V. Date,is written by,explicit
810,donald,S.V. Date,is written by,explicit
811,capitol,S.V. Date,is written by,explicit
812,NFL,S.V. Date,is written by,explicit
813,democrats,S.V. Date,is written by,explicit
814,S.V. Date,CRIME,covers,explicit
815,S.V. Date,BUSINESS,covers,explicit
816,S.V. Date,SPORTS,covers,explicit
817,Baseball,FARNOUSH AMIRI,is written by,explicit
818,golf,FARNOUSH AMIRI,is written by,explicit
819,suspect,FARNOUSH AMIRI,is written by,explicit
820,athletics,FARNOUSH AMIRI,is written by,explicit
821,attack,FARNOUSH AMIRI,is written by,explicit
822,football,FARNOUSH AMIRI,is written by,explicit
823,vote,FARNOUSH AMIRI,is written by,explicit
824,charged,FARNOUSH AMIRI,is written by,explicit
825,tennis,FARNOUSH AMIRI,is written by,explicit
826,economy,FARNOUSH AMIRI,is written by,explicit
827,police,FARNOUSH AMIRI,is written by,explicit
828,election,FARNOUSH AMIRI,is written by,explicit
829,technology,FARNOUSH AMIRI,is written by,explicit
830,trump,FARNOUSH AMIRI,is written by,explicit
831,basketball,FARNOUSH AMIRI,is written by,explicit
832,donald,FARNOUSH AMIRI,is written by,explicit
833,capitol,FARNOUSH AMIRI,is written by,explicit
834,NFL,FARNOUSH AMIRI,is written by,explicit
835,biden,FARNOUSH AMIRI,is written by,explicit
836,democrats,FARNOUSH AMIRI,is written by,explicit
837,FARNOUSH AMIRI,CRIME,covers,explicit
838,FARNOUSH AMIRI,BUSINESS,covers,explicit
839,FARNOUSH AMIRI,SPORTS,covers,explicit
840,court,Andy Campbell,is written by,explicit
841,Baseball,Andy Campbell,is written by,explicit
842,golf,Andy Campbell,is written by,explicit
843,suspect,Andy Campbell,is written by,explicit
844,athletics,Andy Campbell,is written by,explicit
845,attack,Andy Campbell,is written by,explicit
846,football,Andy Campbell,is written by,explicit
847,vote,Andy Campbell,is written by,explicit
848,charged,Andy Campbell,is written by,explicit
849,tennis,Andy Campbell,is written by,explicit
850,economy,Andy Campbell,is written by,explicit
851,police,Andy Campbell,is written by,explicit
852,election,Andy Campbell,is written by,explicit
853,republicans,Andy Campbell,is written by,explicit
854,technology,Andy Campbell,is written by,explicit
855,trump,Andy Campbell,is written by,explicit
856,basketball,Andy Campbell,is written by,explicit
857,donald,Andy Campbell,is written by,explicit
858,capitol,Andy Campbell,is written by,explicit
859,NFL,Andy Campbell,is written by,explicit
860,democrats,Andy Campbell,is written by,explicit
861,Andy Campbell,CRIME,covers,explicit
862,Andy Campbell,BUSINESS,covers,explicit
863,Andy Campbell,SPORTS,covers,explicit
864,court,Zeke Miller,is written by,explicit
865,Baseball,Zeke Miller,is written by,explicit
866,golf,Zeke Miller,is written by,explicit
867,suspect,Zeke Miller,is written by,explicit
868,athletics,Zeke Miller,is written by,explicit
869,attack,Zeke Miller,is written by,explicit
870,football,Zeke Miller,is written by,explicit
871,vote,Zeke Miller,is written by,explicit
872,charged,Zeke Miller,is written by,explicit
873,tennis,Zeke Miller,is written by,explicit
874,economy,Zeke Miller,is written by,explicit
875,police,Zeke Miller,is written by,explicit
876,election,Zeke Miller,is written by,explicit
877,technology,Zeke Miller,is written by,explicit
878,trump,Zeke Miller,is written by,explicit
879,basketball,Zeke Miller,is written by,explicit
880,donald,Zeke Miller,is written by,explicit
881,capitol,Zeke Miller,is written by,explicit
882,NFL,Zeke Miller,is written by,explicit
883,biden,Zeke Miller,is written by,explicit
884,democrats,Zeke Miller,is written by,explicit
885,Zeke Miller,CRIME,covers,explicit
886,Zeke Miller,BUSINESS,covers,explicit
887,Zeke Miller,SPORTS,covers,explicit
888,court,Ron Dicker,is written by,explicit
889,suspect,Ron Dicker,is written by,explicit
890,attack,Ron Dicker,is written by,explicit
891,vote,Ron Dicker,is written by,explicit
892,charged,Ron Dicker,is written by,explicit
893,economy,Ron Dicker,is written by,explicit
894,police,Ron Dicker,is written by,explicit
895,technology,Ron Dicker,is written by,explicit
896,donald,Ron Dicker,is written by,explicit
897,capitol,Ron Dicker,is written by,explicit
898,Ron Dicker,CRIME,covers,explicit
899,Ron Dicker,BUSINESS,covers,explicit
900,court,Sanjana Karanth,is written by,explicit
901,Baseball,Sanjana Karanth,is written by,explicit
902,golf,Sanjana Karanth,is written by,explicit
903,suspect,Sanjana Karanth,is written by,explicit
904,attack,Sanjana Karanth,is written by,explicit
905,football,Sanjana Karanth,is written by,explicit
906,tennis,Sanjana Karanth,is written by,explicit
907,economy,Sanjana Karanth,is written by,explicit
908,police,Sanjana Karanth,is written by,explicit
909,technology,Sanjana Karanth,is written by,explicit
910,basketball,Sanjana Karanth,is written by,explicit
911,donald,Sanjana Karanth,is written by,explicit
912,NFL,Sanjana Karanth,is written by,explicit
913,Sanjana Karanth,BUSINESS,covers,explicit
914,Baseball,Alanna Vagianos,is written by,explicit
915,golf,Alanna Vagianos,is written by,explicit
916,suspect,Alanna Vagianos,is written by,explicit
917,attack,Alanna Vagianos,is written by,explicit
918,football,Alanna Vagianos,is written by,explicit
919,vote,Alanna Vagianos,is written by,explicit
920,charged,Alanna Vagianos,is written by,explicit
921,tennis,Alanna Vagianos,is written by,explicit
922,economy,Alanna Vagianos,is written by,explicit
923,police,Alanna Vagianos,is written by,explicit
924,election,Alanna Vagianos,is written by,explicit
925,technology,Alanna Vagianos,is written by,explicit
926,trump,Alanna Vagianos,is written by,explicit
927,basketball,Alanna Vagianos,is written by,explicit
928,donald,Alanna Vagianos,is written by,explicit
929,capitol,Alanna Vagianos,is written by,explicit
930,NFL,Alanna Vagianos,is written by,explicit
931,Alanna Vagianos,CRIME,covers,explicit
932,Alanna Vagianos,BUSINESS,covers,explicit
933,court,Terry Spencer,is written by,explicit
934,Baseball,Terry Spencer,is written by,explicit
935,golf,Terry Spencer,is written by,explicit
936,suspect,Terry Spencer,is written by,explicit
937,athletics,Terry Spencer,is written by,explicit
938,attack,Terry Spencer,is written by,explicit
939,football,Terry Spencer,is written by,explicit
940,vote,Terry Spencer,is written by,explicit
941,tennis,Terry Spencer,is written by,explicit
942,economy,Terry Spencer,is written by,explicit
943,police,Terry Spencer,is written by,explicit
944,election,Terry Spencer,is written by,explicit
945,republicans,Terry Spencer,is written by,explicit
946,technology,Terry Spencer,is written by,explicit
947,trump,Terry Spencer,is written by,explicit
948,basketball,Terry Spencer,is written by,explicit
949,donald,Terry Spencer,is written by,explicit
950,capitol,Terry Spencer,is written by,explicit
951,NFL,Terry Spencer,is written by,explicit
952,biden,Terry Spencer,is written by,explicit
953,democrats,Terry Spencer,is written by,explicit
954,Terry Spencer,POLITICS,covers,explicit
955,Terry Spencer,BUSINESS,covers,explicit
956,Terry Spencer,SPORTS,covers,explicit
957,court,Phillip Jackson,is written by,explicit
958,Baseball,Phillip Jackson,is written by,explicit
959,golf,Phillip Jackson,is written by,explicit
960,suspect,Phillip Jackson,is written by,explicit
961,athletics,Phillip Jackson,is written by,explicit
962,attack,Phillip Jackson,is written by,explicit
963,football,Phillip Jackson,is written by,explicit
964,vote,Phillip Jackson,is written by,explicit
965,charged,Phillip Jackson,is written by,explicit
966,tennis,Phillip Jackson,is written by,explicit
967,economy,Phillip Jackson,is written by,explicit
968,police,Phillip Jackson,is written by,explicit
969,election,Phillip Jackson,is written by,explicit
970,technology,Phillip Jackson,is written by,explicit
971,trump,Phillip Jackson,is written by,explicit
972,basketball,Phillip Jackson,is written by,explicit
973,donald,Phillip Jackson,is written by,explicit
974,capitol,Phillip Jackson,is written by,explicit
975,NFL,Phillip Jackson,is written by,explicit
976,biden,Phillip Jackson,is written by,explicit
977,democrats,Phillip Jackson,is written by,explicit
978,Phillip Jackson,BUSINESS,covers,explicit
979,Phillip Jackson,SPORTS,covers,explicit
980,Baseball,Sara Boboltz,is written by,explicit
981,golf,Sara Boboltz,is written by,explicit
982,suspect,Sara Boboltz,is written by,explicit
983,athletics,Sara Boboltz,is written by,explicit
984,attack,Sara Boboltz,is written by,explicit
985,football,Sara Boboltz,is written by,explicit
986,tennis,Sara Boboltz,is written by,explicit
987,economy,Sara Boboltz,is written by,explicit
988,police,Sara Boboltz,is written by,explicit
989,election,Sara Boboltz,is written by,explicit
990,technology,Sara Boboltz,is written by,explicit
991,basketball,Sara Boboltz,is written by,explicit
992,donald,Sara Boboltz,is written by,explicit
993,capitol,Sara Boboltz,is written by,explicit
994,NFL,Sara Boboltz,is written by,explicit
995,Sara Boboltz,BUSINESS,covers,explicit
996,Sara Boboltz,SPORTS,covers,explicit
997,court,Michael R. Sisak,is written by,explicit
998,Baseball,Michael R. Sisak,is written by,explicit
999,golf,Michael R. Sisak,is written by,explicit
1000,suspect,Michael R. Sisak,is written by,explicit
1001,athletics,Michael R. Sisak,is written by,explicit
1002,attack,Michael R. Sisak,is written by,explicit
1003,football,Michael R. Sisak,is written by,explicit
1004,vote,Michael R. Sisak,is written by,explicit
1005,tennis,Michael R. Sisak,is written by,explicit
1006,economy,Michael R. Sisak,is written by,explicit
1007,police,Michael R. Sisak,is written by,explicit
1008,election,Michael R. Sisak,is written by,explicit
1009,technology,Michael R. Sisak,is written by,explicit
1010,basketball,Michael R. Sisak,is written by,explicit
1011,donald,Michael R. Sisak,is written by,explicit
1012,capitol,Michael R. Sisak,is written by,explicit
1013,NFL,Michael R. Sisak,is written by,explicit
1014,biden,Michael R. Sisak,is written by,explicit
1015,democrats,Michael R. Sisak,is written by,explicit
1016,Michael R. Sisak,BUSINESS,covers,explicit
1017,Michael R. Sisak,SPORTS,covers,explicit
1018,court,Howard Fendrich,is written by,explicit
1019,Baseball,Howard Fendrich,is written by,explicit
1020,golf,Howard Fendrich,is written by,explicit
1021,suspect,Howard Fendrich,is written by,explicit
1022,athletics,Howard Fendrich,is written by,explicit
1023,attack,Howard Fendrich,is written by,explicit
1024,football,Howard Fendrich,is written by,explicit
1025,vote,Howard Fendrich,is written by,explicit
1026,charged,Howard Fendrich,is written by,explicit
1027,economy,Howard Fendrich,is written by,explicit
1028,police,Howard Fendrich,is written by,explicit
1029,election,Howard Fendrich,is written by,explicit
1030,republicans,Howard Fendrich,is written by,explicit
1031,technology,Howard Fendrich,is written by,explicit
1032,trump,Howard Fendrich,is written by,explicit
1033,basketball,Howard Fendrich,is written by,explicit
1034,donald,Howard Fendrich,is written by,explicit
1035,capitol,Howard Fendrich,is written by,explicit
1036,NFL,Howard Fendrich,is written by,explicit
1037,biden,Howard Fendrich,is written by,explicit
1038,democrats,Howard Fendrich,is written by,explicit
1039,Howard Fendrich,CRIME,covers,explicit
1040,Howard Fendrich,POLITICS,covers,explicit
1041,Howard Fendrich,BUSINESS,covers,explicit
1042,court,Kevin Robillard,is written by,explicit
1043,Baseball,Kevin Robillard,is written by,explicit
1044,golf,Kevin Robillard,is written by,explicit
1045,suspect,Kevin Robillard,is written by,explicit
1046,athletics,Kevin Robillard,is written by,explicit
1047,attack,Kevin Robillard,is written by,explicit
1048,football,Kevin Robillard,is written by,explicit
1049,vote,Kevin Robillard,is written by,explicit
1050,charged,Kevin Robillard,is written by,explicit
1051,tennis,Kevin Robillard,is written by,explicit
1052,economy,Kevin Robillard,is written by,explicit
1053,police,Kevin Robillard,is written by,explicit
1054,election,Kevin Robillard,is written by,explicit
1055,technology,Kevin Robillard,is written by,explicit
1056,basketball,Kevin Robillard,is written by,explicit
1057,donald,Kevin Robillard,is written by,explicit
1058,capitol,Kevin Robillard,is written by,explicit
1059,NFL,Kevin Robillard,is written by,explicit
1060,Kevin Robillard,CRIME,covers,explicit
1061,Kevin Robillard,BUSINESS,covers,explicit
1062,Kevin Robillard,SPORTS,covers,explicit
1063,court,Ed Mazza,is written by,explicit
1064,Baseball,Ed Mazza,is written by,explicit
1065,golf,Ed Mazza,is written by,explicit
1066,suspect,Ed Mazza,is written by,explicit
1067,attack,Ed Mazza,is written by,explicit
1068,football,Ed Mazza,is written by,explicit
1069,vote,Ed Mazza,is written by,explicit
1070,charged,Ed Mazza,is written by,explicit
1071,tennis,Ed Mazza,is written by,explicit
1072,economy,Ed Mazza,is written by,explicit
1073,police,Ed Mazza,is written by,explicit
1074,election,Ed Mazza,is written by,explicit
1075,technology,Ed Mazza,is written by,explicit
1076,basketball,Ed Mazza,is written by,explicit
1077,donald,Ed Mazza,is written by,explicit
1078,NFL,Ed Mazza,is written by,explicit
1079,Ed Mazza,CRIME,covers,explicit
1080,Ed Mazza,BUSINESS,covers,explicit
1081,court,Kate Brumback,is written by,explicit
1082,Baseball,Kate Brumback,is written by,explicit
1083,golf,Kate Brumback,is written by,explicit
1084,suspect,Kate Brumback,is written by,explicit
1085,athletics,Kate Brumback,is written by,explicit
1086,attack,Kate Brumback,is written by,explicit
1087,football,Kate Brumback,is written by,explicit
1088,vote,Kate Brumback,is written by,explicit
1089,charged,Kate Brumback,is written by,explicit
1090,tennis,Kate Brumback,is written by,explicit
1091,economy,Kate Brumback,is written by,explicit
1092,police,Kate Brumback,is written by,explicit
1093,republicans,Kate Brumback,is written by,explicit
1094,technology,Kate Brumback,is written by,explicit
1095,trump,Kate Brumback,is written by,explicit
1096,basketball,Kate Brumback,is written by,explicit
1097,donald,Kate Brumback,is written by,explicit
1098,capitol,Kate Brumback,is written by,explicit
1099,NFL,Kate Brumback,is written by,explicit
1100,biden,Kate Brumback,is written by,explicit
1101,democrats,Kate Brumback,is written by,explicit
1102,Kate Brumback,CRIME,covers,explicit
1103,Kate Brumback,BUSINESS,covers,explicit
1104,Kate Brumback,SPORTS,covers,explicit
1105,Baseball,Nick Visser,is written by,explicit
1106,golf,Nick Visser,is written by,explicit
1107,suspect,Nick Visser,is written by,explicit
1108,athletics,Nick Visser,is written by,explicit
1109,attack,Nick Visser,is written by,explicit
1110,football,Nick Visser,is written by,explicit
1111,charged,Nick Visser,is written by,explicit
1112,tennis,Nick Visser,is written by,explicit
1113,economy,Nick Visser,is written by,explicit
1114,police,Nick Visser,is written by,explicit
1115,technology,Nick Visser,is written by,explicit
1116,NFL,Nick Visser,is written by,explicit
1117,Nick Visser,BUSINESS,covers,explicit
